,name,rating,num_reviewers,type,lat,long
0,Kopi Teori New Chapter,4.7,452,Coffee shop,-5.1552828,119.4401047
1,Kopikost - Coffee & Roastery,4.6,128,Coffee shop,-5.1444941,119.452607
2,Melos Coffee & Eatery,4.3,311,Coffee shop,-5.1354544,119.434586
3,Institut KOPI,4.7,183,Coffee shop,-5.1543094,119.4391305
4,Postropis Coffee & Space,4.8,81,Coffee shop,-5.1329919,119.4332702
5,Kopi Soe Panakkukang,4.6,271,Cafe,-5.1556002,119.4441017
6,Myko Cafe-Panakkukang,4.8,288,Cafe,-5.1570495,119.4469294
7,Konya Coffee & Eatery (Ex-Bonefa),4.7,68,Cafe,-5.1462954,119.4503679
8,Kopi Api Coffee Roasters,4.6,741,Coffee shop,-5.1616122,119.4497652
9,Pojok kopi topaz,4.9,344,Coffee shop,-5.1540228,119.4398174
10,Kaori Coffee,4.9,65,Coffee shop,-5.1594614,119.4442301
11,Kopiteori Boulevard,4.3,68,Coffee shop,-5.1553447,119.4401516
12,Squid Coffee,4.9,715,Coffee shop,-5.1545807,119.4410442
13,Kopiology,4.6,214,Cafe,-5.1557168,119.4440397
14,Kopi paste,4.7,86,Coffee shop,-5.1550661,119.4427948
15,Kaori Coffee - Adyaksa17,4.9,277,Coffee shop,-5.1610008,119.4457964
16,Titik Ngopi Cafe,4.7,71,Coffee shop,-5.1622897,119.4444597
17,PHOENAM,4.5,644,Coffee shop,-5.155147,119.4404195
18,Kaganga Coffee - Boungenville,4.7,330,Coffee shop,-5.1584012,119.4448269
19,"Fore Coffee - Mall Panakkukang, Makassar",3.8,148,Coffee shop,-5.1577506,119.446921
20,KopTu Authentic Makassar,4.9,64,Coffee shop,-5.1585308,119.4523941
21,Kopizone Prime,4.5,355,Coffee shop,-5.1551996,119.4406259
22,Ngopi Santai x Brogul,4.6,204,Coffee shop,-5.1573744,119.4388583
23,COFFEE PLACE,4.6,359,Coffee shop,-5.1607921,119.4442301
24,Nol Tiga Coffee,4.2,89,Coffee shop,-5.1607775,119.4549921
25,KOPITIAM MAKASSAR - HERTASNING,4.6,904,Cafe,-5.162352,119.4433301
26,Kopi 2 SKS,4.9,131,Coffee shop,-5.1611758,119.4404319
27,Kopi Beri Ruang,4.2,92,Cafe,-5.1583595,119.4524102
28,GAUL COFFEE PANAKKUKANG MAKASSAR,4.6,42,Cafe,-5.1545843,119.4397581
29,Kopi TEMULAGI,5.0,10,Coffee shop,-5.1612522,119.4499805
30,Malaku kopi,4.9,34,Coffee shop,-5.1546061,119.4396484
31,Stasiun Kopi,4.4,266,Coffee shop,-5.1587475,119.454278
32,Nawa coffee,4.8,20,Coffee shop,-5.1580661,119.4448879
33,TEMU KOPI PANAKUKKANG,4.2,5,Coffee shop,-5.1584724,119.4520363
34,Panama House Coffee and Dining,4.3,136,Coffee shop,-5.1619054,119.4438483
35,My Coffee (Vindhika Hotel),4.6,217,Coffee shop,-5.1590488,119.4440806
36,kopitoa topaz,4.8,36,Coffee shop,-5.1546563,119.4389011
37,Cafe Rustic,4.5,127,Coffee shop,-5.1622092,119.4541098
38,A Lot of Coffee,4.4,180,Coffee shop,-5.1394017,119.4488948
39,Kopi Silong,4.8,41,Coffee shop,-5.1543358,119.4393196
40,Masagena Coffee,4.5,315,Coffee shop,-5.1590944,119.444681
41,Bawah Pohon Coffeelab,4.5,77,Coffee shop,-5.1659651,119.4495492
42,Kopi Ballugu,4.7,85,Coffee shop,-5.1581227,119.451312
43,Secangkir Kopi,4.6,579,Coffee shop,-5.1611716,119.4404729
44,Kedai Djaja,4.8,163,Coffee shop,-5.1616312,119.4531786
45,Goffee Espresso & Toast,4.4,118,Coffee shop,-5.1628547,119.4445513
46,KLIK! COFFEE PHOTONESIA,4.6,30,Coffee shop,-5.1659848,119.4494198
47,Coffee - Q,4.4,280,Coffee shop,-5.1536071,119.438455
48,Kopi Kenangan - Panakkukang Mall,3.8,88,Coffee shop,-5.1575036,119.4460964
49,Kopiteori Studio,4.7,101,Coffee shop,-5.1373276,119.4102151
50,Kopi Jaya,4.5,22,Coffee shop,-5.1553456,119.4393596
51,papiyocoffee,4.1,164,Cafeteria,-5.140607,119.450852
52,Warkop Ko Heng cabang Topaz,4.5,161,Coffee shop,-5.1549932,119.4394016
53,Kopi Ujung Topaz,4.7,33,Coffee shop,-5.1549794,119.4394133
54,KOPI LATIMOJONG,4.7,46,Coffee shop,-5.1600865,119.4539132
55,J.CO Mall Panakkukang,4.1,780,Coffee shop,-5.1572893,119.4481981
56,KOPI PATONRO,4.8,16,Coffee shop,-5.148998,119.4384144
57,Réims Coffee,4.5,15,Cafe,-5.1574411,119.4479794
58,D'Koma Kedai Kopi dan Makanan,4.4,140,Cafe,-5.1608899,119.4458964
59,KOPI AROBI BAUMANGGA,4.4,54,Coffee shop,-5.1606994,119.4442599
60,Kopi Kenangan - SPBU 74.902.25 Pengayoman Makassar,4.9,35,Coffee shop,-5.158691,119.440237
61,Kopi Raya,4.8,32,Cafe,-5.1660121,119.4495661
62,Kopi Soe Makassar,4.5,421,Coffee shop,-5.150703,119.434493
63,kopiteori,4.6,1597,Coffee shop,-5.1572607,119.4197325
64,Coffee Holic By Sija,4.4,33,Cafe,-5.158197,119.4482277
65,Citens Coffee,5.0,1,Coffee shop,-5.158152,119.448697
66,Kedai kopi ariana,4.7,51,Coffee shop,-5.1608429,119.4539014
67,Amaly coffee,4.8,17,Coffee shop,-5.1387248,119.4391701
68,Kopi Janji Jiwa Jilid 462 Avira Hotel Panakkukang,4.1,172,Coffee shop,-5.1556621,119.4479028
69,Warkop Sentral Kopi,4.3,54,Coffee shop,-5.160746,119.455039
70,TEMPAT NGOPI,4.8,59,Cafe,-5.1656583,119.4497163
71,Sains kopi,4.8,55,Coffee shop,-5.1665236,119.4534032
72,Warkop Bugis,4.6,856,Coffee shop,-5.1615405,119.4543071
73,KOPI SEATAP,4.5,93,Coffee shop,-5.1659955,119.4450861
74,Warkop Toddopuli,4.3,524,Coffee shop,-5.1614096,119.4539655
75,Satu Kata Coffee,4.5,16,Cafe,-5.1601857,119.4487617
76,Mall Panakkukang,5.0,2,Coffee shop,-5.1578711,119.4466995
77,Anafoora Rumah Kopi,4.8,22,Coffee shop,-5.1599764,119.4555594
78,Kopi Makassar,0.0,0,Coffee shop,-5.1609736,119.4457663
79,RUKO Warung Kopi (ex Turbo),4.3,66,Coffee shop,-5.1543148,119.4396243
81,Point Coffee,4.5,108,Coffee shop,-5.163678,119.4453834
82,Warkop Panakukang,4.9,10,Coffee shop,-5.1565249,119.4467882
83,Kopi Lorong Makassar,4.8,5,Coffee shop,-5.1412962,119.4376911
85,Asia Coffee Shop by Sija,4.1,20,Coffee shop,-5.157658,119.4383802
86,Kopi Jendral,4.1,13,Coffee shop,-5.1562039,119.4474783
87,Kopi simore,5.0,11,Coffee shop,-5.1581153,119.453109
88,Warkop Sabila,4.4,472,Coffee shop,-5.1619318,119.454295
89,Duft Coffee Indonesia,4.8,73,Cafe,-5.1479834,119.4385163
90,Warkop Sitaba,4.6,261,Coffee shop,-5.157618,119.4449851
91,Kalong Coffee,0.0,0,Coffee shop,-5.1610806,119.4452125
92,Kopi 57,3.8,4,Coffee shop,-5.160689,119.4486053
93,Kopi Janji Jiwa Hertasning,4.2,350,Cafe,-5.1629205,119.4440772
94,Kopi Three,4.2,6,Coffee shop,-5.1576496,119.4499374
95,QnA Coffee&Eatery,4.3,19,Coffee shop,-5.1480153,119.4386618
96,SIJA PETTARANI,4.8,118,Cafe,-5.1467249,119.4393314
97,Teduh coffee Makassar,5.0,2,Coffee shop,-5.1619317,119.4542951
98,Mark Trees Cafe,4.6,924,Coffee shop,-5.1471596,119.4161301
99,AWM COFFEE HOUSE,5.0,9,Coffee shop,-5.1637398,119.4485196
100,Paskop.co,4.6,635,Coffee shop,-5.167445,119.431145
101,Cabana Coffee and Eatery,4.6,78,Coffee shop,-5.1753114,119.4554897
102,Kinawa Coffee,4.8,94,Coffee shop,-5.1496308,119.4353298
103,Coffee Solution,4.7,39,Coffee shop,-5.1761831,119.4574832
104,MOOVS from Tastea - Rappocini,4.9,49,Coffee shop,-5.1597965,119.4356554
105,Tamamito Coffee,4.9,68,Coffee shop,-5.1793896,119.4614204
106,JAJINI Co Brewing Space,4.9,54,Coffee shop,-5.1503931,119.431417
107,Kopi Break,4.8,118,Cafe,-5.1702429,119.4369989
108,442 Coffee Rappocini,5.0,1,Coffee shop,-5.1520568,119.4298223
109,Kopi Teko,4.9,150,Coffee store,-5.1752081,119.439402
110,Kopi JEKA,4.7,101,Coffee shop,-5.1728088,119.4423444
111,Kopi Kenangan - Ruko Rapoccini,4.8,32,Coffee shop,-5.1539531,119.4275954
112,Toko Kopi AbadiJaya,4.6,45,Cafe,-5.1629107,119.4332213
113,Ruumi coffee,4.8,44,Coffee shop,-5.181167,119.440703
114,Foil Coffee,4.5,35,Coffee shop,-5.1555299,119.4298871
115,Warkop Bundu Talasalapang,4.4,1307,Coffee shop,-5.1832518,119.4478154
116,Daun Coffee Monginsidi,4.5,1010,Coffee shop,-5.1493706,119.4274645
117,KOPIKU,4.9,32,Coffee shop,-5.1777197,119.4435531
118,Rumah Kopi Sweetness coffee mks,4.7,239,Coffee shop,-5.162998,119.430592
119,Wirskopi,4.6,94,Coffee shop,-5.1513167,119.4326194
120,Duajiwa Coffee,4.7,215,Coffee shop,-5.1640141,119.4240097
121,Pakopi Rappocini,4.8,5,Coffee shop,-5.1550846,119.4289245
122,KOPIMOLAGI,5.0,2,Coffee shop,-5.1727719,119.442152
123,Kopi Break,4.8,43,Coffee shop,-5.1660092,119.4340187
124,Eskopi Talasalapang,4.7,25,Coffee shop,-5.182674,119.4469884
125,Kopi Kenangan - Ruko Landak Makassar,4.3,104,Coffee shop,-5.1640194,119.4245252
126,Black Canyon Coffee,4.5,1594,Coffee shop,-5.1626063,119.441512
127,Heiwa Angkringan & Kopi,5.0,29,Coffee shop,-5.1637583,119.4276383
128,Rappokopi,5.0,3,Coffee store,-5.1570931,119.4309602
129,Kahava Coffee Makassar,4.3,131,Cafe,-5.1733463,119.44193
130,Warkop BUNDU Balai Aroepala,4.4,1719,Coffee shop,-5.1765744,119.4571521
131,KopiA Makassar,5.0,38,Coffee shop,-5.180433,119.4600001
132,Eiger Coffee Makassar,4.6,38,Coffee shop,-5.1645179,119.4254588
133,Amoi Coffee,4.3,70,Coffee shop,-5.1790525,119.4616819
134,Wisata Coffee - Rappocini,0.0,0,Coffee shop,-5.1582203,119.433483
135,coffee house,5.0,1,Cafe,-5.1600401,119.4356115
136,Trema kopi,4.8,33,Coffee shop,-5.1749984,119.4442177
137,Om.Bren Cafe Store,4.7,77,Coffee shop,-5.1764598,119.4434983
138,Anotherplace Coffee House,4.6,98,Coffee shop,-5.1853627,119.449046
139,Rumah Kopi Shakila,4.7,157,Coffee shop,-5.1658192,119.4394428
140,ADAPADA KEDAI HERTASNING,4.7,130,Coffee shop,-5.1663141,119.4471736
141,Kopi Konoha,4.3,132,Coffee shop,-5.173906,119.45038
142,Kopi Mampir,4.6,38,Coffee shop,-5.1780072,119.460525
143,REAL CAFE,4.5,605,Coffee shop,-5.1756118,119.4440963
144,Hai HONG,4.5,645,Coffee shop,-5.1509505,119.4343532
145,Etika Studio,4.5,477,Coffee shop,-5.1740486,119.4462379
146,Warkop Nassami,4.5,206,Coffee shop,-5.1750837,119.4341904
147,Kopi Setia,4.5,176,Coffee shop,-5.1479649,119.4285747
148,KOPITAWA EST.2019,4.8,58,Cafe,-5.1687157,119.4383089
149,OCTAGRAM COFFEE,4.6,12,Coffee shop,-5.171398,119.4526077
150,Kopi Republik Makassar,4.8,11,Coffee shop,-5.180351,119.4426643
151,Kedai Kopi Daengna,4.4,217,Coffee shop,-5.1664226,119.4389022
152,Roemah singgah coffee,4.4,15,Coffee shop,-5.1656932,119.4394886
153,DIMINATI COFFEE,4.4,622,Coffee shop,-5.1583414,119.4368491
154,"Kata Kopi, Rappocini Raya",4.3,3,Coffee shop,-5.1551924,119.4291964
155,Safehaus,4.6,204,Coffee shop,-5.1631699,119.4387218
156,Rally Kopi,4.3,62,Cafe,-5.1700552,119.4383235
157,Kopi Sini Lagi,4.6,18,Coffee shop,-5.151364,119.4345311
158,Kedai Kopi Kampoeng,4.5,158,Coffee shop,-5.1570604,119.4376686
159,Hold Coffee,5.0,5,Coffee store,-5.1586605,119.4337529
160,Warkop Malomo,4.5,126,Coffee shop,-5.1579223,119.4326955
161,Van Djoel Coffee Shop,4.5,258,Cafe,-5.1658209,119.4391993
162,Teman Nongkrong,4.6,115,Coffee shop,-5.183731,119.4520111
163,KOPI BUNG !,4.6,11,Coffee shop,-5.1685318,119.4389143
164,Kopi Chuseyo Makassar,4.8,42,Coffee shop,-5.1480093,119.430553
165,Kopi Kenangan - Ruko Alauddin,4.5,347,Coffee shop,-5.1799586,119.4404498
166,The king cafe,4.6,210,Cafe,-5.1787308,119.4436926
167,nomena coffee,4.8,61,Coffee shop,-5.1825547,119.4464828
168,Jeger barber & coffeeshop,4.5,273,Coffee shop,-5.1762634,119.4437771
169,Bamboo Curtain Coffee Shops,4.6,199,Coffee shop,-5.1674239,119.446381
170,TOKO KOPI OMA - POST CANTOOR,4.2,168,Coffee shop,-5.1641951,119.4346695
171,Kopi Mang'cook,4.3,24,Coffee shop,-5.1624683,119.4374962
172,Kedai Anjari,4.8,4,Coffee shop,-5.1570881,119.4328806
173,MOKI KOPI,4.7,19,Coffee shop,-5.1540468,119.4356709
174,Squid Spot Coffee,4.6,44,Coffee shop,-5.1589655,119.4253684
175,KOPI HOKI,4.9,11,Coffee shop,-5.1777903,119.4429602
176,Kanal Social Space,4.4,99,Coffee shop,-5.1589389,119.4254757
177,Snacktea Coffee,4.6,202,Coffee shop,-5.1783009,119.4392894
178,Gerobak Kopi Binggo,4.8,27,Coffee shop,-5.1728786,119.4540531
179,Duolis Coffe,4.6,68,Cafe,-5.175883,119.445926
180,Sudut Senja,4.2,79,Coffee shop,-5.1639611,119.4239565
181,Arion Coffee Shop Makassar,4.2,10,Cafe,-5.1598856,119.4358148
182,Warkop Paruh Waktu Kec. Rappocini,5.0,1,Coffee shop,-5.1862444,119.4425385
183,Kopi Bagaya,4.7,17,Coffee shop,-5.1653169,119.4314441
184,Warkop Pelita Makassar,4.4,273,Coffee shop,-5.1491682,119.4373885
185,Kedai Kopi Geladeri,5.0,23,Coffee shop,-5.1684587,119.4385711
186,Hanun kopi,5.0,1,Coffee shop,-5.162853,119.429863
187,Starbucks Pelita Raya,4.6,593,Coffee shop,-5.1544399,119.4361295
188,Kopi Owner,5.0,5,Coffee shop,-5.19045,119.4511707
189,OM.BREN,4.2,125,Coffee shop,-5.1854699,119.4490564
191,ANIMO KOPI & VAPE STORE,4.7,35,Coffee shop,-5.1606589,119.4283271
192,Warkop Dg Anas Faisal,4.6,692,Coffee shop,-5.16599,119.4339834
193,Pos Kopi,4.6,16,Coffee shop,-5.1577428,119.4306507
194,KOPI TADI,5.0,20,Cafe,-5.156585,119.4257403
195,Warkop Sahabat Umark,4.8,49,Coffee shop,-5.1538489,119.4301287
196,Herbag Kedai Kopi Tungku,4.4,46,Coffee shop,-5.1865781,119.4428474
197,Kopi Bersaksi,5.0,6,Coffee shop,-5.1773677,119.4599188
198,Kopi Ropu,5.0,1,Coffee shop,-5.1492797,119.4288964
199,Kopi Hari Ini & Food,4.8,76,Restaurant,-5.166221,119.42826
200,KOPI HANYA KAU,4.8,12,Coffee shop,-5.1535089,119.4339813
201,Es Kopi Coffee Daeng Makassar,5.0,3,Coffee shop,-5.1747311,119.442432
202,Reza Coffee & Palekko Makassar,4.5,494,Restaurant,-5.162599,119.4412008
203,Kopi Samping,5.0,5,Coffee shop,-5.1539909,119.4367609
204,MAKO (markas kopi ),4.7,20,Coffee shop,-5.169711,119.4583037
205,Coffee Lovers,4.3,7,Cafe,-5.1557114,119.4272531
206,KOPI BORONG TALASAPANG VAPE STORE,4.7,40,Cafeteria,-5.182662,119.4470098
207,Kopi Burung Seriti,5.0,3,Store,-5.1531129,119.4263437
208,Mooka Kopi Tamalate,4.0,1,Espresso bar,-5.1717501,119.4454484
209,Halo Coffee,0.0,0,Coffee shop,-5.1583826,119.4333023
210,Kedai Bestie Drink n Coffee Toraja,5.0,3,Coffee shop,-5.1491774,119.4287455
211,Kopi inspirasi,5.0,1,Espresso bar,-5.1880791,119.4511108
212,Kedai Kopi Ai,4.9,20,Coffee shop,-5.1841511,119.4495174
213,Anko Kopi,5.0,10,Coffee shop,-5.1772162,119.4433351
214,ES Coklat Mantap Rappocini,5.0,2,Coffee shop,-5.1568401,119.4318781
215,Kopi Setulus Hati,5.0,1,Coffee shop,-5.1675356,119.4284859
216,SS COFFEE SPACE,4.6,788,Coffee shop,-5.1246242,119.4293952
217,Kopi Sija Rappokalling,5.0,22,Coffee shop,-5.12628,119.4397558
218,148 Coffee Shop,4.5,538,Coffee shop,-5.1258269,119.4318026
219,Mimesis Coffee and Studio,4.9,20,Coffee shop,-5.123929,119.4396557
220,Tallo,0.0,0,Coffee shop,-5.106055,119.4384316
221,Kopi Koma Palopo,5.0,41,Coffee shop,-3.0093361,120.207358
222,EJA_COFFEE,4.5,121,Coffee shop,-5.1287063,119.4299604
223,Dwaga Coffee,4.9,30,Cafe,-5.12702,119.4375766
224,Kopi Riolo,4.6,333,Coffee shop,-5.1568381,119.4200304
225,Tifa Kopi & Laundry,4.9,32,Cafe,-5.1175883,119.4334677
226,Turatea Coffee,4.7,63,Cafe,-5.1231145,119.4408221
227,Teras Kopi 166,4.7,14,Coffee shop,-5.1152057,119.42259
228,eiyo coffe,4.9,31,Coffee shop,-5.1253442,119.4289181
229,STORIA Korban X BROZKA Bilyard,4.7,75,Coffee shop,-5.122459,119.4369828
230,Adiva Rong,5.0,11,Coffee shop,-5.1144358,119.4214486
231,AN Drink & Fruit,5.0,55,Coffee shop,-5.1240707,119.4419397
232,Kopi Toraja Asli,5.0,3,Cafe,-5.1292048,119.4385474
233,Warkop 157,4.6,227,Coffee shop,-5.1233831,119.4344349
234,wk ANANDA 27,5.0,1,Coffee shop,-5.1065048,119.4389601
235,Kedai Kopi Dbazz,4.5,251,Coffee shop,-5.1262316,119.4290973
236,Canbliss coffee rapokalling,5.0,1,Coffee shop,-5.1272315,119.4370897
237,Sudut Kopi 96,5.0,9,Coffee shop,-5.1283719,119.4291427
238,KEDAI PANDAI KOPI,5.0,9,Coffee shop,-5.1283764,119.4313387
239,Kopi Konoha Ujung Pandang Baru,4.8,6,Coffee shop,-5.124976,119.4348909
240,Teras Al-Qahwah,5.0,44,Coffee shop,-5.1204626,119.4304006
241,APPA TUJU KOPI,0.0,0,Coffee shop,-5.1187861,119.4279189
242,Korban Kopi Mks,5.0,11,Coffee shop,-5.1250202,119.4353208
243,Warkop Trapung,4.8,16,Coffee shop,-5.1093181,119.4413311
244,Pyur 2.0,4.4,114,Coffee shop,-5.1273836,119.4282093
246,Kopi Arobi & Arobi Tech,5.0,4,Coffee shop,-5.1220342,119.4351854
247,Lazidz Drink,5.0,6,Coffee shop,-5.1209226,119.4302055
248,Kedai History,5.0,3,Coffee shop,-5.1263395,119.4364505
249,142 Coffee,5.0,5,Coffee shop,-5.1259908,119.4324782
250,Kopi Rimba,4.5,29,Coffee shop,-5.1200766,119.4374768
251,RUMAH KOPI F5,4.6,36,Cafe,-5.1204394,119.4347414
252,Basto Id,4.7,47,Coffee shop,-5.1270561,119.4288575
253,Pabrik Kopi Bintang Terang,4.4,14,Coffee shop,-5.12592,119.4376305
254,Taman kopi,5.0,7,Coffee shop,-5.1212694,119.4359917
255,Bestie Coffee,4.2,6,Coffee shop,-5.1245714,119.4295078
256,Warkop A'BA,4.8,131,Coffee shop,-5.1209589,119.4363826
257,AMORE KOPI,4.6,8,Coffee shop,-5.1282077,119.4305606
258,Pohon kopi,4.8,4,Espresso bar,-5.129611,119.4303832
259,TOKO KOPI OMA SUNU,0.0,0,Coffee shop,-5.1223327,119.4298581
261,STORY COFFEE 116,4.1,42,Coffee shop,-5.1205161,119.4347351
262,Es coklat MOKITO,5.0,3,Coffee shop,-5.1250508,119.4334209
263,MR. THAHA,5.0,4,Espresso bar,-5.1242123,119.4362291
264,Lou Space Coffee & Roastery,4.9,30,Coffee shop,-5.1223179,119.4298765
265,Kopi tersanjung,5.0,1,Coffee shop,-5.1256903,119.4318262
266,Warkop Ilham,4.8,17,Coffee shop,-5.123001,119.4344767
267,Kedai Mamaros,5.0,1,Coffee shop,-5.1160452,119.4252964
268,Istana juice & Coffee,5.0,2,Cafe,-5.1037454,119.4460711
269,Warkop Kopi Ta',5.0,1,Coffee shop,-5.1130355,119.4356835
270,WARKOP JS,4.9,14,Coffee shop,-5.1225216,119.4237571
271,Kebab Caca,5.0,2,Coffee shop,-5.1068398,119.4388891
272,Warkop KOPKITT,4.6,51,Coffee shop,-5.1164547,119.4233169
273,Kopi KETERGANTUNGAN,5.0,3,Coffee shop,-5.1271744,119.4379505
274,RR COFFEE,4.6,15,Coffee shop,-5.1232237,119.4344577
275,Kopi Karaeng,5.0,1,Coffee shop,-5.1265816,119.4292298
277,Kedai Daffa,5.0,2,Coffee shop,-5.1243342,119.4427865
278,KOPIOPA,4.0,2,Coffee shop,-5.1275011,119.4311841
279,Service Mesin Kopi Makassar,4.6,28,Cafe,-5.1237628,119.4395632
280,Kopi Sija,0.0,0,Coffee shop,-5.1244916,119.4226913
281,Warkop Cmp,4.7,29,Coffee shop,-5.1217597,119.4202564
282,Warkop INDOTANG,5.0,3,Coffee shop,-5.1275341,119.4343944
283,KEDAI KOPI RAPKAL,4.6,5,Coffee shop,-5.1253744,119.441805
284,Waroeng Kopi DEPAN,5.0,1,Coffee shop,-5.123674,119.4284281
285,Kedai Soal Rasa,5.0,1,Coffee shop,-5.124836,119.4336096
286,WARKOP MASSI,4.3,208,Coffee shop,-5.1160739,119.4350103
287,Kopi in,0.0,0,Coffee shop,-5.1249401,119.4382377
288,OWLY COFFEE,5.0,3,Cafe,-5.1265813,119.4387024
289,TABIKinKOPI,5.0,4,Coffee shop,-5.1852344,119.4897744
290,KOPI WANS,5.0,8,Coffee shop,-5.1151074,119.4236938
291,Adul Teuku Umar,4.0,1,Coffee shop,-5.1146519,119.4355378
292,LiQo.id,5.0,4,Coffee shop,-5.1271892,119.4375322
293,Warkop GATSU 231,5.0,2,Coffee shop,-5.1181983,119.435267
294,Warkop P.A.P,4.5,77,Cafe,-5.127051,119.4310937
295,TOKO KOPI DONG CHONG XIA CHAO MAKASSAR,0.0,0,Cafe,-5.1252929,119.4291774
296,Kedai77,0.0,0,Coffee shop,-5.1176284,119.4311781
297,Warkop Meeting,5.0,3,Coffee shop,-5.1232679,119.4366807
298,Warkop AAN,5.0,4,Coffee shop,-5.115771,119.4234766
300,RUANG KOPI 2.0,5.0,6,Coffee shop,-5.1165677,119.4233141
301,Warkop Asnur,4.3,120,Coffee shop,-5.1215136,119.4376877
302,Cemistri Coffee House,4.9,44,Coffee shop,-5.1431029,119.4526385
303,WARKOP 5080,5.0,1,Coffee shop,-5.1124789,119.4336079
304,Rumah kopi Mallangngere RR,5.0,2,Restaurant,-5.1226225,119.4649263
305,GELLOKOPI,5.0,3,Coffee shop,-5.167361,119.443591
306,WARKOP BIASAYYA,4.8,9,Coffee shop,-5.1242257,119.436067
307,Playlist Coffee and Toast Pannampu,5.0,6,Art cafe,-5.1158583,119.4236468
308,Papashake & Coffee,3.5,4,Cafe,-5.1249996,119.4347138
309,WARKOP PABO'SS,5.0,6,Coffee shop,-5.1281356,119.4345717
310,K 8 warkop,5.0,1,Coffee shop,-5.1174736,119.4244332
311,Warkop lan,4.8,9,Coffee shop,-5.1242235,119.4360618
312,Warkop Putra,4.7,22,Coffee shop,-5.1204926,119.4375474
313,"Es Teh Ori, AR Hakim",5.0,1,Coffee shop,-5.1244528,119.434046
314,Coffee kompleks,5.0,6,Cafeteria,-5.1234695,119.428484
315,Warkop Juanda,4.5,174,Cafe,-5.1193826,119.4370958
316,KOPI 237,5.0,2,Cafe,-5.116645,119.4223077
317,KOPI 17,5.0,7,Coffee shop,-5.117473,119.4328738
318,Kedai Warung Kopi Cahaya,4.6,5,Coffee shop,-5.1137947,119.4308194
319,KOPI GALANGAN,0.0,0,Coffee shop,-5.1174541,119.4311825
320,Warung Kopi Buloa,2.0,1,Coffee shop,-5.1142004,119.4378581
321,Rumah kopi bintang,0.0,0,Coffee shop,-5.1326293,119.4302674
322,Roemah Kopi JBL,0.0,0,Cafe,-5.1231576,119.4315148
323,KEDAI TERAS,5.0,5,Cafe,-5.1043208,119.4433898
324,Warkop Daeng Ali Pongtiku,5.0,2,Coffee shop,-5.1252203,119.4319662
325,Warkop 99,4.6,16,Cafe,-5.121307,119.434874
326,Kedai Kopi Om Boy (KOPI OBI),4.5,4,Cafe,-5.1167002,119.423076
327,ES COKLAT SULTAN,0.0,0,Coffee shop,-5.1068589,119.4389344
328,WARKOP OM MAIL,5.0,5,Coffee shop,-5.1216885,119.4370946
329,Kopi Lain Hati BTP Tamalanrea,4.6,108,Coffee shop,-5.1321071,119.4987757
330,KOPITHA,4.9,85,Coffee shop,-5.1332302,119.5035414
331,Kopi Konnichiwa - BTP,4.6,161,Coffee shop,-5.1375558,119.50879
332,Kopitan Plus,4.6,344,Coffee shop,-5.1278137,119.5014079
333,DAWAI COFFEE,4.7,739,Coffee shop,-5.1407531,119.4838797
334,Kopi HUB,4.3,1759,Coffee shop,-5.1283227,119.5003309
335,Kopi Wadjar,4.7,56,Coffee shop,-5.1319308,119.4795658
336,Banua Coffee,4.8,140,Coffee shop,-5.1207812,119.5024092
337,Rumah Kopi Setia Perintis Makassar,4.5,226,Cafe,-5.1302703,119.4987778
338,Kopi Dari Hati BTP,4.7,121,Cafe,-5.1320766,119.4997672
339,WAYSS COFFEE,4.6,177,Coffee shop,-5.1374144,119.4847196
340,Kaori Coffee - BTP,4.9,265,Coffee shop,-5.1322163,119.5006162
341,CIEQ'S COFFEE,4.8,33,Coffee shop,-5.1393426,119.5085242
342,Autentik Coffee BTP,4.7,66,Coffee shop,-5.1365315,119.5075554
343,Sekala Kafe - Coffee & Space,4.8,57,Cafe,-5.133613,119.4802026
344,Haeha Coffee,4.7,66,Cafe,-5.1393323,119.5117327
345,The Gade Coffee & Gold Makassar,4.5,323,Coffee shop,-5.1320886,119.5001018
346,Tastea BTP,4.8,123,Coffee shop,-5.1361549,119.5076828
347,Culminers Coffee & Eatery,4.7,75,Coffee shop,-5.1371902,119.5125975
348,TOMORO COFFEE - BTP,4.6,285,Coffee shop,-5.1372172,119.512499
349,Kuva kopi,4.7,48,Coffee shop,-5.1325974,119.4998297
350,Brewbrothers Coffee House,4.9,31,Coffee shop,-5.1337425,119.5049019
351,Pekat Space,4.8,48,Coffee shop,-5.1350904,119.4797527
352,OIYA Coffee,4.5,29,Coffee shop,-5.1314644,119.5007038
353,Mr GEng Bread & Coffee,4.9,89,Coffee shop,-5.1370421,119.508567
354,TOKIO COFFEE LAB.,4.5,86,Coffee shop,-5.1417667,119.4960988
355,Marasa Coffee Stand Makassar,4.8,36,Coffee shop,-5.132975,119.479468
356,D'Juries coffee & Roastery,4.1,345,Cafe,-5.1316622,119.5004123
357,KEDAI BUJANG,4.6,662,Cafe,-5.1398114,119.4878113
358,UTTON - Perintis,4.5,75,Coffee shop,-5.141319,119.4867587
359,Kopi Boegiz Perdos,4.5,185,Coffee shop,-5.1414662,119.4958185
360,Zefou Coffee,4.4,333,Cafe,-5.1375584,119.5150059
361,TONGKONAN COFFEE,4.8,126,Coffee shop,-5.1399228,119.5147822
362,Ardan Masogi Coffeeshop,4.2,1129,Coffee shop,-5.134498,119.497053
363,Bento Kopi Makassar,4.5,308,Coffee shop,-5.1350507,119.4974004
364,Koppi Makassar,4.7,140,Coffee shop,-5.123484,119.5075127
365,Warkop Klabers,4.1,162,Coffee shop,-5.1430567,119.4751106
366,Point Coffee,4.5,48,Coffee shop,-5.1278935,119.4999398
367,Kopi'ngumpul,4.7,50,Coffee shop,-5.1346268,119.4790314
368,Zero Cafe,4.5,699,Coffee shop,-5.1397291,119.4878206
369,Alternative Coffe & Space,4.5,66,Cafe,-5.1342035,119.4801736
370,Djoempa coffee makassar,4.8,26,Cafe,-5.1348379,119.4802455
371,Kara Coffee & Artisan Tea,4.6,212,Cafe,-5.131194,119.5007181
372,Cafe Halaman,4.5,81,Coffee shop,-5.1375945,119.515451
373,Kedai Kopi Teko,4.4,106,Coffee shop,-5.1321585,119.4991096
374,NEW ZIDAN CAFE,4.5,247,Coffee shop,-5.1326115,119.502942
375,Kopi Nova,5.0,13,Coffee shop,-5.1413632,119.4871793
376,GARASI BINCANG COFFEE,5.0,21,Cafe,-5.1364243,119.5113105
377,Kedai Kopi Tea Makassar,4.4,54,Coffee shop,-5.1364474,119.5079703
378,Kopi Konoha Cab.BTP,4.4,63,Coffee shop,-5.1402408,119.5244369
379,Lepongan Bulan Toraja Coffee,4.8,12,Coffee shop,-5.1382914,119.5173441
380,KopiTau,4.9,15,Coffee shop,-5.1387062,119.4878179
381,Sunday coffee makassar,4.8,21,Cafe,-5.1262648,119.4885304
382,Kandora Coffee,4.8,20,Coffee store,-5.0936909,119.4827927
383,Om Ammank Coffee Shop,4.4,48,Coffee shop,-5.1419011,119.4872933
384,Kopi Kenangan - Ruko Perintis Makassar km 10,3.6,169,Coffee shop,-5.1389519,119.4933735
385,EWR Cafe,4.4,299,Cafe,-5.1274522,119.5019116
386,Ganti nama coffe,4.3,34,Coffee shop,-5.1373639,119.4855099
387,ESTEH INDONESIA TAMALANREA,4.4,18,Coffee shop,-5.1217182,119.507994
388,Sometimes,5.0,17,Coffee shop,-5.1384721,119.4832874
389,FIGOR CAFE BTP Makassar,4.7,10,Coffee shop,-5.1312831,119.5009122
390,Coffee Tentang Kita,5.0,4,Coffee shop,-5.1360484,119.5177612
391,Kopi Ogud Perintis,4.5,50,Coffee shop,-5.1406671,119.4825368
392,Kedai Kopi MaKo,4.9,9,Coffee shop,-5.1406242,119.5076342
393,EXCELZA COFFEE SHOP,4.3,419,Coffee shop,-5.1235586,119.5067594
394,Daeng Toro' Kopi,4.6,22,Coffee shop,-5.1384486,119.518357
395,Kopi Puji,4.6,23,Restaurant,-5.1372102,119.5102912
396,TIBER COFFEE,4.3,68,Coffee shop,-5.1278056,119.5003052
397,Cerita teman lama coffeshop,5.0,11,Coffee shop,-5.1354393,119.5171698
398,Adiva Cafe,4.5,296,Restaurant,-5.1343893,119.5054
399,OTO KOPI,5.0,27,Coffee shop,-5.1354032,119.4971296
400,Warkop Daeng Sija BTP,4.2,181,Coffee shop,-5.1321954,119.4990426
401,Kopiteori Perintis,4.5,357,Coffee shop,-5.1217207,119.5086887
402,Bossman Coffee Indonesia,4.5,18,Coffee shop,-5.1321435,119.5003821
403,Obladi Cafe,4.7,223,Cafe,-5.1383624,119.4844914
404,Halu Kopi Indonesia,4.6,18,Coffee shop,-5.1366181,119.5173579
405,KOPITARIAN,5.0,7,Coffee shop,-5.1398022,119.4779894
406,Social.Story,4.6,38,Coffee shop,-5.1451449,119.4896596
407,KOPI MAMORU,4.9,12,Coffee shop,-5.1288992,119.4989227
408,KOPI KOMANDO,4.9,12,Coffee shop,-5.1365913,119.4985951
409,Lounge Coffee,5.0,6,Coffee shop,-5.1415649,119.4862851
410,MOOVS from Tastea - Perintis 1,4.7,231,Coffee shop,-5.1412232,119.4869624
411,kopikan.,4.8,19,Cafe,-5.1430731,119.4743558
412,KOPIGO - Gerobak Tamalanrea,5.0,1,Coffee stand,-5.1326494,119.4982216
413,Koun Kopi,4.9,12,Cafe,-5.1325255,119.5007966
414,Sans Coffee Tamalanrea,5.0,4,Coffee shop,-5.138251,119.5170705
415,Daur Baur - Kopi dan Eco-Store,4.6,20,Coffee shop,-5.1347733,119.4789776
416,BONANNO COFFE,4.6,31,Art cafe,-5.1364339,119.4847436
417,Point Coffee,4.1,23,Coffee shop,-5.1372699,119.5123146
418,Login Kopi,4.6,18,Coffee shop,-5.139536,119.50837
419,KOPI Piiiii,4.7,13,Breakfast,-5.1371481,119.5147606
420,Maroa Kopi dan Tembakau,5.0,14,Coffee shop,-5.1391542,119.4844146
421,Kedai Kopi Kalu Perintis,5.0,6,Coffee shop,-5.1270212,119.5012317
422,PREN KOPI,4.5,259,Coffee shop,-5.1187238,119.5101952
423,Kopi Kenangan - SPBU Pertamina (Perintis Makassar),4.4,539,Coffee shop,-5.0953554,119.5115381
424,Base Coffee,4.5,333,Cafe,-5.1306085,119.4981825
425,Rumah Kopi Hitam Putih,4.4,111,Cafe,-5.1398127,119.4781895
426,Warkop Q-Ta,4.6,72,Coffee shop,-5.1312351,119.4985429
427,TEMU KOPI PERINTIS (takeaway only),4.3,6,Coffee shop,-5.1324715,119.4983702
428,Kopi Temu Sahabat,5.0,2,Coffee shop,-5.1422941,119.4805465
429,KAIA Coffee Roastery - Tempat Kopi / Toko Kopi,5.0,9,Coffee store,-5.1348405,119.4802565
430,Kedai Kopi Orange,4.3,56,Coffee shop,-5.1349568,119.4952113
431,Kedai Kopi PSC,4.4,59,Coffee shop,-5.134964,119.4952161
432,TITIK NOL,4.6,292,Cafe,-5.1350545,119.4849241
433,Halu Kopi Indonesia,4.7,11,Coffee shop,-5.141022,119.4865164
434,kopiapi coffee roaster 3.0 manggala junction,4.6,175,Espresso bar,-5.0945442,119.5121319
435,Kopi nafii,5.0,6,Coffee shop,-5.129179,119.498859
436,Tastea Office,4.9,35,Coffee shop,-5.1398402,119.5147481
437,Warung Kopi 257 BTP,4.1,40,Coffee shop,-5.1379394,119.5162987
438,The Triple S Coffee,5.0,3,Coffee shop,-5.1384576,119.4875292
439,Jual Kopi Bubuk Kopi Kalosi Enrekang Makassar Marasa Coffee,5.0,28,Coffee shop,-5.1382669,119.5149845
440,WAKTU LUANG KOPI,4.5,46,Cafe,-5.1347373,119.5065519
441,RK RUMAH KOPI,4.7,38,Cafe,-5.1417981,119.4871471
442,Kopi Ruang Hati Perintis Makassar,4.6,5,Cafe,-5.1222332,119.5078268
443,Kopi Tuan Indonesia,5.0,6,Coffee shop,-5.134871,119.504794
444,Teaster perintis,3.9,37,Coffee shop,-5.139969,119.4876896
445,KOPI CREMANTIC,5.0,6,Cafe,-5.1391384,119.5103571
447,cafe tamalanrea,0.0,0,Coffee shop,-5.1431053,119.4743748
448,Senandung Kopi,5.0,2,Coffee shop,-5.1382967,119.5179708
449,EsKopi Daeng Tata Raya,4.9,105,Coffee shop,-5.1814812,119.4181503
450,Kopi Padu Rasa - Tamalate,4.8,6,Coffee shop,-5.172813,119.445438
451,ADAPADA KEDAI,4.6,510,Coffee shop,-5.1701328,119.4237701
452,Kampoeng Kopi,4.9,29,Coffee shop,-5.1804224,119.4164619
453,Mooka Kopi Mannuruki,4.9,8,Coffee shop,-5.176009,119.429291
454,MOOVS from Tastea - Tamalate,4.6,67,Coffee shop,-5.1684774,119.4468312
455,Komar. – Tamalate,3.7,39,Coffee shop,-5.1704168,119.4461168
456,WARKOP TIME Coffee Shop and Food,4.9,50,Coffee shop,-5.1872171,119.4285851
457,Daun Coffee,4.4,1628,Coffee shop,-5.1834168,119.4222032
458,Mocoffe,4.5,17,Coffee shop,-5.1875708,119.4323289
459,Coffee PapsQ Mallengkeri,4.6,249,Coffee shop,-5.1870748,119.4316902
460,Kopi Noka Tamalate,2.3,13,Coffee shop,-5.1687517,119.4464668
461,"Moko Roti & Kopi, Tamalate",4.8,5,Coffee shop,-5.1729199,119.45055
462,Brew Brothers Coffee HQ,4.7,175,Coffee shop,-5.173088,119.4174824
463,Tenant KOPI MERDEKA,4.9,19,Coffee shop,-5.1868331,119.4260442
464,Kedai Mods Coffee Corner,4.6,225,Coffee shop,-5.18518,119.4238521
465,BACO Banana Coffee House,5.0,96,Coffee shop,-5.1863628,119.4315892
466,Kopi Padu Rasa Mallengkeri,4.6,9,Coffee shop,-5.1880155,119.4364849
467,Kopi Konoha mamoa,4.9,39,Coffee shop,-5.1802869,119.4306189
468,T-Kopi,5.0,2,Coffee shop,-5.1814564,119.4105391
469,Tempat Baru Kedai Kopi,4.7,31,Coffee shop,-5.1754572,119.4171944
470,Kopi ming,4.6,25,Coffee shop,-5.1830743,119.4220502
471,Komar. – Daeng Tata,4.1,10,Coffee shop,-5.1872476,119.4271037
472,Warkop 27 boslompoa,4.3,827,Coffee shop,-5.1802581,119.4400041
473,Sejenak Kopi,5.0,1,Coffee shop,-5.1814782,119.4180989
474,Kopi Babe,4.3,80,Coffee shop,-5.1694009,119.4292358
475,TOKO KOPI JINGGA,5.0,13,Coffee shop,-5.1719354,119.4165214
476,Kedai dua sisi by sija,4.6,99,Coffee shop,-5.174257,119.4172609
477,AILA COFFEE,4.8,28,Cafe,-5.1734026,119.4158857
478,Beranda Kopi,4.8,19,Coffee shop,-5.188087,119.435311
479,Kopi Gilby,4.5,80,Coffee shop,-5.1846467,119.4227875
480,Kopi Buzz,5.0,1,Coffee shop,-5.1873743,119.4266921
481,Coffee by BaDjua,4.5,60,Cafe,-5.1777993,119.4367929
482,InTea Coffee,5.0,8,Coffee shop,-5.1737104,119.4528866
483,WARKOP KOPLENG (KOPI LE'LENG),4.6,140,Coffee shop,-5.1796041,119.4257076
484,Yasy coffee,4.9,17,Coffee shop,-5.1872005,119.4166939
485,Kopi Daeng & Eatery,4.5,26,Coffee shop,-5.1846774,119.4233172
486,KOPI NOKA,2.8,26,Coffee shop,-5.2085351,119.3873116
487,KOPI PERMATA,5.0,13,Cafe,-5.1723088,119.4454177
488,Aaron Teras Coffee,4.4,76,Coffee shop,-5.1872865,119.4266486
489,Warkop Bang Haji,4.4,239,Coffee shop,-5.1874852,119.4409933
490,Kopi Kocak,4.6,10,Coffee shop,-5.1767282,119.4295464
491,Stasiun Kuliner Pujasera Tamalate,5.0,3,Coffee shop,-5.1745703,119.4445818
492,Ruang Kopi 4.0,5.0,2,Coffee shop,-5.181946,119.4155442
493,Kopi cinnaku,0.0,0,Coffee shop,-5.169717,119.4476189
494,Peanuts Coffee Company,5.0,14,Coffee shop,-5.1793823,119.425213
495,Lage Kopi - Coffee Shop,5.0,7,Coffee shop,-5.1858835,119.4177935
496,Kopi Joni (Kedai KopJon) - Tanjung Bunga,4.8,38,Coffee shop,-5.1733072,119.3917671
497,Warkop Kong Kow 46,4.8,45,Coffee shop,-5.171349,119.425602
498,Komar. – Pasar Senggol,5.0,1,Coffee shop,-5.1648697,119.4122963
499,Pabrik/Toko Kopi Sejati,4.8,21,Coffee wholesaler,-5.1674841,119.420168
501,KopiMasyarakat,4.5,2,Cafe,-5.1802581,119.4400041
502,Kopi Akhlak,5.0,1,Coffee shop,-5.1789345,119.4246322
503,Senopati Coffee and Eatery,4.4,170,Coffee shop,-5.1498669,119.415413
504,Mo Kopi,5.0,3,Coffee shop,-5.1967696,119.3995854
505,Kopi THRU,0.0,0,Coffee stand,-5.1715149,119.445611
506,Ruang Kopi 3.0,5.0,1,Coffee shop,-5.1890665,119.3960217
507,Mooka Kopi Talassalapang,4.3,8,Coffee shop,-5.1816963,119.4422331
508,Warkop Laskar Tamalate 77,4.8,4,Coffee shop,-5.1703605,119.4459914
509,global.kopi,4.9,20,Coffee shop,-5.1702943,119.4526157
510,seven march tea tamalate,5.0,1,Coffee shop,-5.1683512,119.4469009
511,koki kopi,5.0,1,Espresso bar,-5.1805339,119.4169752
512,KOPI TONRO,5.0,1,Coffee shop,-5.172805,119.4230601
513,Kopi Sea,5.0,4,Coffee store,-5.1761848,119.4143764
514,Literasi Kopi,5.0,2,Coffee shop,-5.1847617,119.43444
515,Coto ayam kampung 77 x Kedai Kopi 77,4.6,5,Coffee shop,-5.167953,119.447681
516,Kopi-U,5.0,5,Coffee shop,-5.1773932,119.431219
517,Kopi Padu Rasa - Mappaodang,4.2,17,Coffee shop,-5.1688097,119.4178993
518,Warkop Kita Kopi,4.7,52,Cafe,-5.1781615,119.4146554
519,Kopi ipho,5.0,6,Coffee shop,-5.1803393,119.4306581
520,Kopi Tama Antang,4.8,29,Cafeteria,-5.168458,119.4922795
521,Teras Kopi Mabes,5.0,1,Coffee shop,-5.1701004,119.4233904
522,My Kopi O!,3.9,145,Coffee shop,-5.1595452,119.3943383
523,Kopi Vals Chapter II,4.8,8,Coffee shop,-5.1873094,119.4270597
524,Kopi NOKA,4.7,12,Coffee shop,-5.0891846,119.528373
525,warung kopi mtv,4.5,13,Cafe,-5.1877376,119.4355484
526,Kopi Kenangan - Trans Studio Mall Makassar,4.1,73,Coffee shop,-5.1590147,119.3944787
527,Kedai Kopi,5.0,1,Coffee shop,-5.1873779,119.4409319
528,Bakmi & kopi koju,5.0,2,Coffee shop,-5.1818746,119.4158379
529,SS Coffee,4.7,3,Coffee shop,-5.1817126,119.4156302
530,Rays Kopi,5.0,9,Coffee shop,-5.1691346,119.4475518
531,Kedai kopi SXI,5.0,1,Coffee shop,-5.17002,119.4486771
532,Kopi Gufa,5.0,2,Coffee shop,-5.1710288,119.4135134
533,Toko Kopi Sapa - Kedai kopi makassar,5.0,8,Coffee shop,-5.1716884,119.4456149
534,Kopi 99,5.0,8,Cafe,-5.1784175,119.4354757
535,Kopi Soe Daeng Tata,4.8,81,Cafe,-5.1834949,119.4220925
536,D Kopi Kumala,5.0,1,Coffee shop,-5.1750392,119.4168353
537,Kedai kopi dawa,4.7,9,Coffee shop,-5.1750193,119.4168696
538,SUDUT KOPI,5.0,1,Coffee shop,-5.1796851,119.4307984
539,Houslatte Sungai Saddang,5.0,194,Cafe,-5.1462543,119.422566
540,Kedai Kopi 25,5.0,5,Cafe,-5.1728288,119.420722
541,Kopi Rinra,4.4,8,Coffee shop,-5.1855317,119.4156343
542,NAIS KOPI,5.0,4,Espresso bar,-5.1685221,119.4470376
543,Bola Aju Kopi,5.0,1,Coffee shop,-5.1770226,119.4377155
544,Halu kopi indonesia,4.8,4,Coffee shop,-5.177216,119.4287104
545,Kopi Menetes,5.0,1,Coffee shop,-5.1883156,119.4391012
546,Kopi iekara,5.0,1,Coffee shop,-5.1838792,119.43482
547,Ali Kopi,5.0,6,Coffee shop,-5.1769561,119.417243
548,Kopi Noka,4.5,2,Coffee shop,-5.117212,119.421492
549,krimi kopi,5.0,4,Coffee shop,-5.1721869,119.4289082
550,Mooka Kopi Toddopuli,5.0,9,Bar,-5.1657109,119.4500325
551,Coffee klasik ind,4.9,93,Coffee shop,-5.1857335,119.4142618
552,Kedai Kopi T-BOT,0.0,0,Coffee shop,-5.1813895,119.4372134
554,Coffee & Go,5.0,7,Cafe,-5.1875268,119.4310435
555,Houslatte Grestelina,5.0,190,Coffee shop,-5.1628719,119.4456813
556,Kedai Kopi #28,5.0,6,Coffee shop,-5.1684102,119.4155341
557,Ranting Kopi,3.0,1,Coffee shop,-5.1828933,119.4399639
559,Kamsia Boba Tamalate,5.0,2,Coffee shop,-5.1721769,119.4454583
560,Mooka kopi Antang,4.3,19,Food and beverage exporter,-5.1673436,119.4792497
561,Warung Kopi The Green,4.2,80,Coffee shop,-5.1850069,119.3940086
562,OH COFFEE MAKASSAR,5.0,3,Coffee shop,-5.1673709,119.4137021
563,kopi arabika flores,0.0,0,Coffee wholesaler,-5.1847227,119.4142721
564,Toko Kopi Ujung,4.5,524,Coffee shop,-5.1373193,119.4059802
565,Kopi Ujung Jalan,5.0,28,Coffee shop,-5.1649877,119.4200346
566,Noice Coffee Roaster,4.6,281,Coffee shop,-5.137253,119.4052609
567,"X3 Coffee, Resto & Barbershop",4.8,91,Coffee shop,-5.133824,119.4044053
568,Kopi Pandang,4.9,26,Coffee shop,-5.1508482,119.4235438
569,Onkel John's Coffee Hasanuddin,4.8,227,Coffee shop,-5.1407758,119.4106093
570,Ceylon coffee,4.8,71,Coffee shop,-5.1394958,119.4098557
571,MyCoffee,4.7,646,Coffee shop,-5.1363961,119.4075414
572,Dari Kopi Daeng Tompo,4.7,317,Coffee shop,-5.1430498,119.4096058
573,Kedai Lawas,4.7,321,Coffee shop,-5.1394868,119.4078935
574,Social Barn Sutomo,4.5,773,Coffee shop,-5.1434739,119.4135587
575,Delicate Coffee Rotterdam,4.8,26,Coffee shop,-5.1339896,119.4044186
576,THE LIBRARY COFFEE & BOOKS,4.7,71,Coffee shop,-5.1407038,119.4131649
577,Ngopi Santai,4.7,368,Coffee shop,-5.1592494,119.4186329
578,HH Coffee,4.6,192,Coffee shop,-5.146342,119.4141417
579,TOKIO COFFEE LAB.,4.6,186,Coffee shop,-5.1477248,119.4097992
580,"Fore Coffee - Sultan Hasanuddin, Makassar",4.4,361,Coffee shop,-5.140985,119.410828
581,Roemah Lamdoek,4.7,284,Coffee shop,-5.1429032,119.4107276
582,Sija Sawerigading,4.6,213,Cafe,-5.1407883,119.4139715
583,Kopte Ujung Pandang,4.8,6,Coffee shop,-5.1720241,119.4266079
584,Warung Kopi Ujung,5.0,19,Coffee shop,-5.1427132,119.451049
585,Toko Kopi Oma - Sunu,4.7,24,Coffee shop,-5.1223561,119.4298692
587,Cafe & Resto Ombak,4.3,1702,Restaurant,-5.1339896,119.4044186
588,Triwala Kopi,4.7,61,Coffee shop,-5.151348,119.4171081
589,Kobass Coffee Makassar,4.5,51,Cafe,-5.1317645,119.4049899
590,Kopi Ujung PIPO,4.8,4,Coffee shop,-5.1528431,119.4036574
591,ULU Kopi,4.9,13,Coffee shop,-5.1465644,119.4117199
592,SaintMary Coffee,4.7,75,Coffee shop,-5.1397412,119.4198594
593,Bothlaim Space,4.4,186,Coffee shop,-5.1435464,119.4126787
594,Es Putar Papabon,4.5,1849,Coffee shop,-5.1407346,119.4093282
595,Terima Kasih Kopi,4.4,318,Coffee shop,-5.1416043,119.4095357
596,Republico,4.7,132,Coffee shop,-5.1450455,119.4107726
597,Cafe dan Dapoer Sulawesi,4.3,549,Coffee shop,-5.1360555,119.4053195
598,KOPI MAJU DJAYA,5.0,13,Coffee shop,-5.1354256,119.4066426
599,Rupa Kopi,4.7,43,Coffee shop,-5.1483531,119.4164679
600,Kedai Kopi Ko' Beng X Naa-Gih,4.8,115,Coffee shop,-5.1472472,119.410884
601,Starbucks Pattimura Makassar,4.6,419,Coffee shop,-5.1362436,119.406812
602,21 Coffee,4.7,16,Coffee shop,-5.1405898,119.4138169
603,Coffeeholic By Sija,4.1,751,Coffee shop,-5.1547699,119.4408156
604,Kopi Saji,4.4,28,Cafe,-5.198123,119.4472785
605,ALADIN COFFEE ( biji kopi arabika robusta ),5.0,10,Coffee shop,-5.1317498,119.404793
606,KOPI KULS,4.6,33,Coffee shop,-5.1366955,119.4095612
607,Coffee Ping,4.2,48,Coffee shop,-5.1359702,119.4049186
608,kedai kopi ujung,5.0,5,Coffee shop,-5.199243,119.4732511
609,Fireflies Coffee Pattimura,4.4,1108,Coffee shop,-5.1362346,119.4071538
610,Maxx Coffee Ratulangi,4.5,158,Coffee shop,-5.1489624,119.4154333
611,LA•KU Patisserie,4.5,321,Cafe,-5.1337933,119.4044026
612,Warkop Turatea,4.5,552,Coffee shop,-5.1485083,119.4098298
613,Orion Cafe,4.8,21,Coffee shop,-5.1422396,119.4183046
614,PAPERCUP,4.8,37,Coffee shop,-5.1399234,119.4106613
615,Corridor Coffee,4.8,39,Cafe,-5.1427128,119.4108224
616,Kedai Kopi Cengli,5.0,21,Coffee shop,-5.1435104,119.4083685
617,Cangkiri Koffie Tupai,4.3,118,Coffee shop,-5.158018,119.4208792
618,Rumah Kopi 37,4.6,125,Coffee shop,-5.1418749,119.4120835
619,KOPI SAAP,4.9,12,Coffee shop,-5.1402136,119.4104498
620,NORDU Coffee Makassar,4.3,334,Cafe,-5.1427546,119.4142993
621,Garasi Kopi A-24,5.0,12,Coffee shop,-5.1479455,119.417695
622,BossCu coffee,4.4,84,Coffee shop,-5.1442084,119.41259
623,Goodfields Makassar,4.7,1276,Cafe,-5.1395574,119.4107145
624,Move Up,4.1,59,Coffee shop,-5.1413819,119.4094722
626,Benz Bakery & Cafe,4.4,618,Coffee shop,-5.1334867,119.4104597
628,Dafarez Coffee,4.8,4,Coffee shop,-5.146918,119.409728
630,TIMUR KOPI,4.8,19,Cafe,-5.1474978,119.4109063
631,"Kopi Gundah ""Menemanimu Saat Gelisah""",5.0,1,Coffee shop,-5.144104,119.4182366
632,Mr. dAV COFFEE,4.5,172,Cafe,-5.1402539,119.4113452
633,Warunk Kopi Rotterdam,4.6,44,Coffee shop,-5.1354824,119.4064496
635,Jokka Coffee - Kopi Tamasya,4.9,14,Cafe,-5.1376206,119.4055803
636,Kopi Nikmat & Kost Exclusive,4.4,68,Coffee shop,-5.1503133,119.4164994
637,Warkop LaKopi Hertasning,4.5,1386,Coffee shop,-5.1620018,119.440516
638,COFFEE F3,4.7,6,Coffee shop,-5.1368263,119.4147738
639,KOPI SUDUT SEKOLAH,5.0,3,Coffee shop,-5.1465831,119.4166404
640,Kedai Kopi BONTee,4.5,94,Coffee shop,-5.1483623,119.4163919
641,Starbucks Karunrung,4.5,187,Coffee shop,-5.14524,119.413746
642,UJUNG SUDUT PANDANG CAFE,5.0,2,Coffee shop,-4.0293835,122.9896308
643,PAPERCUP - Benteng,4.3,6,Coffee shop,-5.1330301,119.4044991
644,Kopi Kenangan - Ruko Sultan Hassanuddin Makassar,4.4,99,Coffee shop,-5.1384048,119.4093428
645,Turkish Coffee Makassar,4.9,13,Restaurant,-5.1398453,119.4099508
646,Lorong Kopi,5.0,5,Coffee shop,-5.1357625,119.408554
647,Kopi Therapy,4.9,8,Coffee shop,-5.1437016,119.408265
648,Ru•Ko Ruang Kopi,5.0,1,Coffee shop,-5.1381057,119.4102687
649,Kopi Toraja,4.3,26,Coffee shop,-5.1371392,119.4196292
650,Kopi Kobilang Rindu,4.8,37,Cafe,-5.1392552,119.4165516
651,kopi arenna,5.0,1,Coffee shop,-5.1359218,119.4127251
652,Threeways Kopi,4.8,82,Cafe,-5.136541,119.4106581
654,Lapak Kopi Abangda,5.0,5,Coffee shop,-5.1359372,119.4059067
655,Warkop Tong San,4.4,227,Coffee shop,-5.1377472,119.4056078
656,Kopi Soe Losari,5.0,7,Coffee shop,-5.141297,119.4070623
657,Toko Kopi Toraja di Makassar,0.0,0,Coffee shop,-5.1382716,119.413394
660,Dasar Kopi,5.0,2,Coffee shop,-5.1473175,119.4133524
661,Kopi Lain Hati Lamaddukelleng,4.6,13,Coffee shop,-5.1466486,119.4112686
662,Kedai REWA Kopi,5.0,1,Coffee shop,-5.1324039,119.4049371
664,Kedai Pojok Kopi,4.4,23,Coffee shop,-5.1395386,119.4196334
665,Kaffeine Makassar,4.6,473,Cafe,-5.1432426,119.4137776
666,Warung kopi Dg Bella,5.0,1,Coffee shop,-5.1462596,119.4131118
667,Kopi Orens,5.0,5,Cafe,-5.1342729,119.4070367
669,Kopi Pojok 78,4.0,2,Coffee shop,-5.1437899,119.4114229
670,Warung kopi Dg. Nyampa,5.0,3,Coffee shop,-5.1395008,119.4087133
671,Kopi Yor,4.5,17,Cafe,-5.136845,119.4092509
672,Kopi Amanat,5.0,2,Coffee shop,-5.1481712,119.4126076
673,Kedai Kopi Ngopsan,5.0,4,Coffee shop,-5.1448994,119.4135304
674,Warkop Dg Sija Popsa,3.9,13,Coffee shop,-5.1337479,119.4041472
675,MyWay Coffee,4.3,29,Coffee shop,-5.1436635,119.4093101
676,Warung Kopi Mushadi,5.0,1,Coffee shop,-5.1390567,119.4153117
678,Kopi Starling Batu Putih,0.0,0,Coffee shop,-5.1467969,119.4170115
679,Super kopi,0.0,0,Coffee shop,-5.1373119,119.4191967
680,NALA Heritage,4.3,187,Coffee shop,-5.1470789,119.4208804
681,WarkopNa MP,5.0,24,Coffee shop,-5.1188487,119.4103795
682,KOZI Coffee Makassar,4.6,385,Coffee shop,-5.1557488,119.4150235
683,Tanamera Coffee - Makassar,4.6,954,Coffee shop,-5.1520249,119.4041056
684,Kopi Hokage,5.0,12,Coffee shop,-5.1138981,119.423107
685,Kopi Ronk,4.1,193,Coffee shop,-5.1198277,119.4172765
686,Point Coffee Yos Sudarso,5.0,6,Coffee shop,-5.1178813,119.4173316
688,Warung Kopi DOTTORO,4.6,226,Coffee shop,-5.1200703,119.4206263
689,Kedai Kopi Sahabat '95,4.3,18,Coffee shop,-5.1176663,119.4169704
690,Dottoro' dalam,4.9,16,Cafe,-5.1201715,119.4204229
691,cafe malikha paotere,5.0,5,Coffee shop,-5.1121966,119.4218207
692,Ruang Kopi,4.5,6,Coffee shop,-5.1134815,119.4221041
693,Warkop Tangguh paotere,4.3,123,Coffee shop,-5.1122619,119.42284
694,Kedai Kopi Mappatuju,5.0,3,Coffee shop,-5.1156994,119.4167499
695,KEDAI SRUMPUN,4.8,76,Coffee shop,-5.1627397,119.5054581
696,MGP NONGKS,5.0,2,Coffee shop,-5.1120146,119.4200033
697,HY KOPI,0.0,0,Coffee shop,-5.1119928,119.4295073
698,Comeback kopi,5.0,3,Coffee shop,-5.1167011,119.4220135
699,KEDAI OH,5.0,5,Coffee shop,-5.111429,119.4255652
700,Kopimin_pasarcidu,5.0,1,Coffee shop,-5.1206135,119.4203066
701,Komar. – Cakalang,4.1,24,Coffee shop,-5.1179683,119.4201901
702,Babathe X Luce Nusantara resto and gelato,5.0,2065,Cafe,-5.1268907,119.408432
703,Warkop Dottoro 75,4.4,181,Coffee shop,-5.1157461,119.4124097
704,Bubart,5.0,6,Coffee shop,-5.1198694,119.4173146
705,Warkop Arafah,4.7,117,Coffee shop,-5.119909,119.4149424
706,Teras kopi arfah,5.0,4,Coffee shop,-5.1169771,119.4201453
707,WARKOP PONETO,4.6,32,Coffee shop,-5.1122687,119.4220645
708,Konspirasi (Kopi Sejuta Inspirasi),5.0,1,Coffee shop,-5.1190935,119.4187939
709,Kedai Kopi Yosda,5.0,3,Coffee shop,-5.1199786,119.4173696
710,Olladrink pasar cidu,5.0,2,Coffee shop,-5.120624,119.4204806
711,Kopi Abang,0.0,0,Coffee shop,-5.1119689,119.4212275
712,Palu,4.2,6,Coffee shop,-5.1194177,119.4173857
713,W͟a͟r͟k͟o͟p͟ D͟g͟. T͟e͟'n͟e͟ L͟i͟v͟e͟ M͟u͟s͟i͟k͟,5.0,5,Coffee shop,-5.1180063,119.4201483
714,Warkop 81,4.3,71,Coffee shop,-5.1123091,119.4221912
715,Warkop Mang apay,4.7,18,Coffee shop,-5.1157945,119.4128073
716,Toko Kopi Jaya,0.0,0,Coffee wholesaler,-5.1110369,119.4282549
717,Warkop Alami,4.6,202,Coffee shop,-5.1162839,119.4203047
718,MNF,5.0,2,Coffee shop,-5.112226,119.4287618
719,Warkop Dg Ancha,4.4,32,Coffee shop,-5.1113634,119.425947
720,Warkop 460 Makassar,4.5,19,Coffee shop,-5.1176064,119.4194832
723,PAMBUSUANG,3.0,1,Coffee shop,-5.1143315,119.4232616
724,KOPI SORAJA,0.0,0,Coffee shop,-5.1180539,119.4205247
725,Warkop KOPIPAPI,4.9,7,Coffee shop,-5.114785,119.4225903
726,Warkop Dai,5.0,7,Coffee shop,-5.1121716,119.4265791
727,Warkop Fizah & Cafe,4.8,17,Cafe,-5.117723,119.4189111
728,Kopi chwimi,0.0,0,Coffee shop,-5.1179631,119.4208905
729,Komar. – Cakalang,0.0,0,Coffee shop,-5.117609,119.419659
730,Kedai Nanda thaitea,4.5,2,Coffee shop,-5.1098159,119.4305491
731,Warkop 27,5.0,1,Coffee shop,-5.1179413,119.4196137
732,NgunjukKopi & Kuliner,4.3,57,Espresso bar,-5.195711,119.4689466
733,Warkop Makmur/ Jual beli chip,4.8,5,Coffee shop,-5.1180005,119.420153
734,Warkop 2R,5.0,1,Coffee shop,-5.1189063,119.4174315
735,Warkop Hari,4.8,9,Coffee shop,-5.1195363,119.4201291
736,Warkop Dua Tujuh,3.4,7,Coffee shop,-5.1178965,119.4207159
737,Fat Bubble Makassar,4.4,377,Cafe,-5.1452253,119.4143929
738,Warkop Darwis,4.2,40,Cafe,-5.1124297,119.4238815
739,Kedai Imran,0.0,0,Coffee shop,-5.1145759,119.4212766
740,Warkop 116,4.4,12,Cafe,-5.1140433,119.4228172
741,Warkop Soba,5.0,1,Cafe,-5.1111973,119.4282743
742,Warkop Sekawan,3.8,5,Coffee shop,-5.1144937,119.4236317
743,Toko nurcahyani,0.0,0,Coffee shop,-5.1114608,119.425482
744,Warkop azisah,4.2,5,Coffee shop,-5.1107678,119.4264472
745,Warung Primkopal,4.9,32,Restaurant,-5.1157055,119.4166947
747,Warkop siama 2,5.0,6,Cafe,-5.1118957,119.4199015
753,Kedai kak lhia,0.0,0,Coffee shop,-5.0498912,119.3278017
757,Suppiran Coffee Indonesia,0.0,0,Coffee store,-5.1195955,119.4026276
761,Kopi Sayang & Uncle Fang Makassar,0.0,0,Food and beverage exporter,-5.1114895,119.4026276
762,Warkop W2R,0.0,0,Coffee shop,-5.048941,119.330181
763,KOPI CAN Brew House,0.0,0,Coffee store,-5.1114895,119.4026276
768,Tropical Food & Drink Makassar,5.0,1,Coffee store,-5.1114895,119.4026276
769,bubur bakar malathi,5.0,15,Coffee shop,-5.1464371,119.4165266
779,Coffee Galung Enrekang,5.0,5,Coffee wholesaler,-5.1114895,119.4026276
780,Garden Coffee,4.7,123,Coffee shop,-4.1455511,120.0322841
781,Toko Kopi Wijaya Kusuma,5.0,19,Coffee shop,-4.1400213,120.0332039
783,Kopte Tarik Sengkang Wajo (Kopi & Teh),4.9,21,Coffee shop,-4.1326231,120.0295632
784,Mokopi coffee,4.4,85,Espresso bar,-4.1332621,120.0289415
785,Toko Kopi Seiju,5.0,7,Coffee shop,-4.1421296,120.0311189
786,Om Bro Coffee,4.6,20,Coffee shop,-4.1464212,120.0383862
787,Warkop Lotus Tujuhbelas,4.5,52,Coffee shop,-4.1426432,120.0421625
788,Rumah Kopi Setia,4.7,522,Coffee shop,-5.1259252,119.4132633
789,Kedai Kopi Rumah Tua,4.2,1212,Coffee shop,-4.142179,120.0318766
790,U.COFFEE.GARAGE,5.0,28,Cafe,-4.1246067,120.0255702
791,Coffee Shops Phoenam,4.6,663,Coffee shop,-5.1317924,119.4074423
792,Warung simpang palopo,4.7,22,Coffee shop,-3.9346925,120.2711615
793,Home Coffee Shop siwa,4.2,153,Coffee shop,-3.69623,120.4161527
794,Reborn Coffee,4.6,7,Coffee shop,-3.701416,120.416333
795,Kopi kenanga,5.0,5,Coffee shop,-4.1281594,120.0312452
796,KOPI TURATEA,4.7,9,Cafe,-3.6998029,120.4169714
797,Kedai topanri,5.0,1,Coffee shop,-4.1309072,120.0287412
798,Kopi Ko'ui,4.8,388,Coffee shop,-2.9908903,120.1860577
799,Kopi Kenangan - Ruko A. Yani Makassar,4.6,384,Coffee shop,-5.1327484,119.4104393
800,Cafe Wajo,4.3,29,Coffee shop,-2.8236617,122.184446
801,Figura Kopi,4.9,32,Coffee shop,-3.0070528,120.1971094
803,Empat Satu Cafe,5.0,3,Coffee shop,-3.7005943,120.4179222
804,Warkop LaKopi,4.5,935,Coffee shop,-5.1293327,119.4096989
805,Teras Kopi,4.6,60,Coffee shop,-5.1317189,119.4121458
807,Kopi Djuragan,4.5,8,Coffee shop,-4.1367352,120.0301096
808,Yaz ice cooffee.tempat ngopinya para petualang,4.8,21,Coffee shop,-5.1229758,119.4151208
809,Kopi Teras,5.0,1,Cafe,-4.1323882,120.0334356
810,titikkumpul.cof,5.0,1,Coffee shop,-4.2190876,120.1211168
811,Rumah Kreatif Ogie Wajo [OW Coffee Shop | Creative Space],0.0,0,Coffee shop,-3.9443769,120.0642126
812,TAPODISKO PLORA,5.0,2,Coffee shop,-3.9575173,120.141991
813,NewTown 88,4.8,46,Coffee shop,-5.1294571,119.4078735
814,Canton Coffee,4.5,376,Coffee shop,-5.1371171,119.4214132
815,Kedai Kopi Dirga 16,3.7,15,Coffee shop,-4.0455726,120.3336412
816,Warkop Hai Hong,4.5,729,Coffee shop,-5.1309879,119.407472
817,Kopi ruko tua,5.0,5,Coffee shop,-2.9970842,120.1964095
818,Toarco Toraja Coffee,4.5,1157,Coffee shop,-5.1409344,119.4212115
819,Double Shot Cafe,4.7,571,Coffee shop,-5.1299723,119.4118201
820,Coffe Port Indo,4.3,3,Coffee shop,-5.1206667,119.4088293
821,Mycoffee Sentral,5.0,3,Coffee shop,-5.1300123,119.4132775
822,Warkop kawange,4.4,8,Coffee shop,-4.1307437,120.0314429
823,Goedang Sumba,4.9,22,Coffee shop,-5.1310183,119.4109343
824,Kopi Oy Cafe,4.3,15,Cafe,-4.1234754,120.0275901
825,Kopi Punggawa,4.8,32,Coffee shop,-5.1285499,119.4276786
826,Warkop Dg Sija,4.5,112,Coffee shop,-5.1318004,119.4234517
827,Kopi Toraja Premium Arabika dan Robusta cocok juga sebagai oleh oleh,5.0,132,Cafe,-5.1547619,119.4152978
828,Kopi M by Merry Riana,4.6,11,Coffee shop,-5.130272,119.411252
829,ES KOPI INDONESIA TANIMBAR,4.6,13,Cafe,-5.1240597,119.4138176
830,Gandangbatu Coffee,4.6,111,Coffee wholesaler,-5.1138636,119.5056677
831,Enam Delapan Coffee,5.0,6,Coffee shop,-5.1232994,119.4153476
832,Warung Kopi Sija Cendrawasih,4.9,10,Coffee shop,-5.1495718,119.4132775
833,Warung Kopi Topanri,4.5,91,Coffee shop,-5.1572361,119.4135991
834,Kofie Pandawa,4.6,8,Coffee shop,-5.1292954,119.4087022
835,Micronica Coffee Exp.,4.7,62,Coffee shop,-5.1240714,119.4099269
836,Siwata Kedai Kopi,0.0,0,Coffee shop,-3.7020231,120.4167597
837,Point Coffee,3.7,10,Coffee shop,-5.1327778,119.4120197
838,slowpi.coffee,0.0,0,Coffee shop,-5.123052,119.4111126
839,Warung palopo turumpakkae,0.0,0,Coffee shop,-3.9698543,120.1997147
840,Menza Rumah Kopi,4.8,12,Cafe,-5.1248496,119.4142366
841,Coffee roterdam,4.8,8,Coffee shop,-5.122143,119.410286
842,Kopi Nongkrong,5.0,1,Coffee shop,-4.140191,120.03033
843,Lucé Gelato,4.9,3530,Cafe,-5.1271194,119.4087565
844,Warkop In'da,4.5,276,Coffee shop,-5.1207198,119.4132138
845,Warkop Triple Delapan - House Of Mario Mega,5.0,4,Coffee shop,-4.1054958,120.0297365
847,DOTTORO Cafe,4.4,150,Coffee shop,-5.1321323,119.4072757
848,GOWESHOUSE - Warkop & Toko Kue,4.5,32,Coffee shop,-5.1207296,119.4144181
849,Kampoeng ponjalae kopi,5.0,1,Coffee shop,-2.9892561,120.2043236
850,GIRDER COFFEE,5.0,8,Coffee shop,-5.1282559,119.4078992
851,Cafe idola,5.0,7,Coffee shop,-5.1241387,119.4111708
852,Jual Kopi Robusta Toraja Asli Makassar,4.0,1,Coffee shop,-5.1217234,119.4113543
853,Laupa Coffee & Drink Box,5.0,2,Coffee shop,-5.1269909,119.4140305
854,Warkop Azzahrah - RRI,4.8,12,Coffee shop,-5.1323788,119.4062027
855,Warkop salemo,4.6,62,Coffee shop,-5.1202523,119.4148953
856,Warkop Muhammadiyah,4.5,93,Coffee shop,-5.1252351,119.4154848
857,Kopi Pak Mus,4.6,16,Coffee stand,-5.1355016,119.479894
858,THE EDGE,5.0,1,Coffee shop,-5.1290269,119.4086014
859,Bothlaim Space,4.2,72,Coffee shop,-5.1320292,119.4064594
860,Warkop88,5.0,1,Coffee shop,-5.1237766,119.4111984
861,Daily coffee,4.5,91,Coffee shop,-5.1208857,119.4099226
862,Warkop Bojie,5.0,1,Coffee shop,-5.1281899,119.4123691
863,waroeng kopi tiga #kp3,5.0,2,Cafe,-5.1319,119.4107519
864,Kedai 89,4.7,36,Cafe,-5.131203,119.4113267
865,Kedai LEOPARD Coffee,0.0,0,Cafe,-3.6987531,120.4142998
866,MUtea Drink new Makassar mall,5.0,1,Coffee shop,-5.1295597,119.4145052
867,Warkop Onthe,4.8,16,Coffee shop,-5.12056,119.414812
868,GPS91 (gejek platimun),5.0,3,Coffee shop,-5.1275631,119.4129
869,Kopi KCN,5.0,4,Coffee shop,-5.163423,119.4838598
870,Warung Indah,0.0,0,Coffee shop,-3.7838794,120.3414562
871,WARKOP EKO,4.7,40,Cafe,-5.1236746,119.4135916
872,Oleh oleh Kopi Toraja Makassar,0.0,0,Coffee shop,-5.130624,119.4096841
873,WARKOP KERABAT,5.0,3,Coffee shop,-5.1198996,119.4142196
874,Warkop Teras 99,4.6,29,Coffee shop,-5.1246567,119.4131401
875,Kopi Toraja Leluhur Khass Nikmat Produk Lokal Rasa Internasional,5.0,1,Coffee stand,-5.0841841,119.5272115
876,WARKOP 67,4.4,22,Coffee shop,-5.12196,119.4123677
877,Warkop Om LEXY,5.0,13,Coffee shop,-5.1222412,119.4088826
878,Skypond Cafe & Lounge,5.0,1,Coffee shop,-5.1322449,119.4138863
879,Poxus cafe (RELX),4.7,13,Cafe,-5.1300201,119.4117171
880,KEDAI KOPI TITI,5.0,7,Coffee shop,-5.1187753,119.4122219
881,Warung kopi ibu ida,5.0,1,Coffee shop,-5.1232049,119.408322
882,Kedai Koplo,4.7,60,Coffee shop,-5.1522447,119.4205083
883,Warkop D'Siama Cabang Tarakan,5.0,8,Coffee shop,-5.1199625,119.4170821
884,Warkop Terminal,5.0,4,Coffee shop,-5.124898,119.415561
885,Kopi Soe Andalas,4.6,18,Restaurant,-5.1258888,119.4184654
886,Kopi Konspirasi,5.0,2,Coffee shop,-2.99056,120.186846
887,Smooth Coffee,0.0,0,Coffee shop,-5.1237182,119.4141722
888,Warkop Sentrum,5.0,6,Coffee shop,-5.1271651,119.4147764
889,CAFE THE WALL BOTHLAM SPACE,4.0,2,Coffee shop,-5.1305019,119.4093333
890,QINAWA Coffee,4.7,110,Coffee shop,-5.1157711,119.5251404
891,KEIKOPI,4.3,184,Coffee shop,-5.077203,119.5234753
892,Arabika Coffee Shop,4.6,101,Coffee shop,-5.1077709,119.5207599
893,KOPIKOS MAKASSAR,4.9,42,Cafe,-5.122651,119.5223592
894,ATM Coffee,4.7,298,Coffee shop,-5.1008031,119.5121938
895,Maka coffee,4.5,109,Cafe,-5.0893991,119.5172859
896,Oher coffee & tea,4.8,22,Coffee shop,-5.0818092,119.5278655
897,Point Coffee Gedhe Indogrosir Makassar,4.9,77,Coffee shop,-5.0787648,119.5224681
898,Terminal Kopi Gomacca,4.4,475,Coffee shop,-5.1350832,119.5223831
899,Kopi Dua Delapan - Goa Ria,5.0,65,Coffee shop,-5.0786978,119.5242205
900,Es Kopi Indonesia Sudiang,4.8,29,Coffee shop,-5.0815268,119.5257475
901,Blengos Coffee,5.0,27,Coffee shop,-5.1139749,119.5170694
902,Katanya kopi_22,4.7,15,Coffee shop,-5.1003419,119.5244003
903,POINT KOPI MAKASSAR,4.8,49,Coffee shop,-5.1185141,119.5209194
904,Kedai Kopi Ajwa,4.8,104,Coffee shop,-5.1134682,119.5050659
905,pajokka coffee,5.0,4,Coffee shop,-5.1045617,119.5258023
906,Point Coffee,4.3,140,Coffee shop,-5.076076,119.5233351
907,Kopi Daeng Sheri,4.7,67,Coffee shop,-5.0934221,119.5175903
908,Drock Coffee,5.0,49,Store,-5.1179254,119.5204273
909,Kopi Wim 23,4.8,20,Coffee shop,-5.0977664,119.5127769
910,345 coffeeshop,4.4,45,Coffee shop,-5.0701822,119.5247743
911,Black White Coffee Cafe,4.4,287,Cafe,-5.1039909,119.511146
912,"WARKOP Sarang Walet ""WALET'TA"" Makassar",4.3,209,Coffee shop,-5.0771717,119.5223353
913,Kopi Kaia,5.0,2,Coffee shop,-5.0942323,119.5123904
914,Republik 44,4.4,215,Coffee shop,-5.1132684,119.5055779
915,Warkop Five One,4.4,2254,Coffee shop,-5.1196318,119.5093918
916,Warkop BOOGIS,4.6,217,Cafe,-5.1018601,119.5119778
917,SAHABAT KOPI,5.0,11,Cafe,-5.1130298,119.5107277
918,KOPi SUDUT,4.3,12,Coffee shop,-5.1207925,119.5221092
919,HARL COFFEE,4.3,15,Coffee shop,-5.1182757,119.5103341
920,EL VIE KOPI,4.5,11,Coffee shop,-5.1005334,119.5122842
921,Kopi diantara kita,4.8,10,Cafe,-5.1003424,119.5231586
922,Kifaya Coffee,5.0,7,Coffee shop,-5.1132519,119.5132229
923,Kopi Konoha Paccerakkang,4.5,28,Coffee shop,-5.1150094,119.5187452
924,Warkop assipojingetta,4.6,273,Coffee shop,-5.089296,119.5181998
925,Osar Coffee,5.0,5,Coffee shop,-5.1002632,119.5230037
926,Kopi Kogar,5.0,13,Coffee shop,-5.1095642,119.5176673
927,KOPI IDE,4.9,12,Cafe,-5.1179087,119.5097856
928,KOPI KILO,4.8,4,Coffee shop,-5.101315,119.5245991
929,BW Coffee Daya,4.9,14,Coffee shop,-5.1190464,119.5108639
930,DAENG COFFEE RESTO,3.7,3,Coffee shop,-5.1084341,119.5194399
931,Kopi 19,5.0,14,Coffee shop,-5.1112212,119.5115558
932,ATRIUM COFFEE,4.6,455,Restaurant,-5.1403103,119.5203689
933,Paramount Coffee,4.4,9,Coffee shop,-5.0813971,119.5211181
934,Paduan Coffee,5.0,6,Coffee shop,-5.1129661,119.5267479
935,Sarjana Kopi,4.8,11,Coffee shop,-5.1170507,119.5159534
936,Stay Coffee,4.2,183,Cafe,-5.1026847,119.5289684
937,Warung Kopi 212,4.6,21,Coffee shop,-5.1247478,119.5231897
938,Aruwa Coffee Indonesia,5.0,6,Cafe,-5.1037519,119.5279113
939,Warkop Dottoro'e,4.4,144,Coffee shop,-5.1038586,119.5116319
940,Coffee Coffee Dulu,5.0,10,Cafe,-5.1089948,119.5188213
941,LAESKOPI,5.0,4,Coffee shop,-5.1229483,119.5223585
942,Warung Kopi Lembang,4.3,150,Coffee shop,-5.0945425,119.5317088
943,Warkop Dg Sija,4.4,169,Coffee shop,-5.1023265,119.5119094
944,MOOD,5.0,3,Coffee shop,-5.1142734,119.5172174
945,Warkop Dg. Sija Paccerakkang,4.4,317,Coffee shop,-5.1179761,119.5204566
946,Kopi Canda Tawa,5.0,9,Coffee shop,-5.1124791,119.5198834
947,Warkopna Tetta,5.0,2,Coffee shop,-5.112716,119.5104116
948,Point Coffee PK Batu Tambung,5.0,8,Coffee shop,-5.0881577,119.5189846
949,Djoeragan Kopi KEPO,5.0,1,Coffee shop,-5.0941466,119.5264199
950,Gankum Coffee Shop,5.0,1,Coffee shop,-5.112718,119.514255
951,Warkop Taman Kopi,4.5,70,Cafe,-5.0830328,119.520431
952,Join Kopi,5.0,1,Housing complex,-5.1282881,119.5175966
953,Warung Kopi Pak Janggo' @KPJ,4.5,17,Coffee shop,-5.0825676,119.4951844
954,"Kedai Kopi Kulo, Perintis",5.0,1,Coffee shop,-5.101351,119.510563
955,Warkop Kopi Tiam,4.4,25,Coffee shop,-5.1125665,119.508506
956,Gerobak Kopi DS KOPI POLDA,5.0,1,Coffee shop,-5.0950404,119.5126693
957,Kopi Toraja Rumah Adat,4.4,7,Coffee wholesaler,-5.1177434,119.5161274
958,Kopi Nyamank Tojeng,5.0,4,Cafe,-5.080598,119.522304
959,WE COFFEE,4.2,5,Coffee shop,-5.1096847,119.5175047
960,Warkop 25 My,4.5,81,Coffee shop,-5.1087308,119.5108185
961,Salon Aenhy By Kopi Biringta 78,5.0,1,Coffee shop,-5.110632,119.5160443
962,Mambadrink Daya,5.0,8,Coffee shop,-5.1127236,119.5103649
963,Kopi Sodara,5.0,1,Cafe,-5.1029614,119.5297916
964,Kode Kopi COFFEE SHOP,4.8,5,Coffee shop,-5.1105993,119.5105754
965,Coffee Berua,4.9,17,Cafe,-5.1159627,119.5234427
966,Tomoro Coffee Pajjaiang,3.7,23,Coffee shop,-5.110213,119.516236
967,Kedai Whdy Coffee Shop,5.0,2,Coffee shop,-5.1138176,119.5162068
968,Kopi Box,5.0,7,Coffee shop,-5.1023492,119.5119296
969,Waroeng Kopi Bang Oedin,5.0,1,Cafe,-5.094987,119.5151796
970,Kedai Kopi Papa Om,5.0,1,Coffee shop,-5.1189989,119.5097756
971,Kopi Padu Rasa - Goa Ria,5.0,9,Coffee shop,-5.0883849,119.5284055
972,KOPI DAENGta,5.0,2,Coffee shop,-5.0929061,119.512119
973,WARKOP ARR,4.7,24,Coffee shop,-5.0817877,119.5222801
974,kopi dari hati pajjaiang,4.3,8,Coffee shop,-5.1072719,119.5216328
975,Esteh Indonesia Sudiang Makassar,4.5,47,Cafe,-5.1074917,119.5213141
976,Warkop Pallawa 21,4.7,17,Coffee shop,-5.1030604,119.5277855
977,Sola Coffee,5.0,1,Coffee shop,-5.1194822,119.5115079
978,Carperin daya,5.0,2,Coffee shop,-5.1130612,119.5112851
979,Kedai kopi naya-panda warkop,4.4,7,Coffee shop,-5.0754646,119.5306358
980,Warkop Opale,4.4,229,Cafe,-5.0698203,119.5249693
981,Mini Warmindo NUSA,5.0,1,Coffee shop,-5.1153108,119.5115358
982,Point Coffee,4.3,8,Coffee shop,-5.1016327,119.5110714
983,Warkop Coffee 59,4.8,24,Coffee shop,-5.1085993,119.5106654
984,KINI CHEESE TEA DAYA,5.0,5,Coffee shop,-5.1143446,119.517455
985,Kima Coffee,0.0,0,Espresso bar,-5.1072813,119.5108087
986,WARKOP ANDIKNUUU,5.0,23,Coffee shop,-5.1138379,119.5167979
987,WARKOP KOPI KUY,5.0,3,Coffee shop,-5.0901284,119.5255869
988,waroeng garasi & kopi ucok,5.0,1,Coffee shop,-5.1205037,119.5221933
989,NR Coffee Shop,5.0,3,Coffee shop,-5.1139007,119.5159517
990,Sudut Kopi Taman Sudiang Indah,0.0,0,Coffee shop,-5.091076,119.5261849
991,JOIN COFFEE HOUSE,4.0,4,Coffee shop,-5.1103549,119.515165
992,Warkop 183,4.5,88,Coffee shop,-5.1087944,119.5107256
993,ZONA (MINUMAN & MAKANAN),5.0,4,Coffee shop,-5.1130777,119.5132634
994,P.O.J. KOPI,5.0,7,Coffee shop,-5.1235379,119.507202
995,Warkop Kita,4.7,40,Coffee shop,-5.1134448,119.5119313
996,Warkop Massi,4.6,14,Coffee shop,-5.1137537,119.5063664
997,Papito,3.9,206,Cafe,-5.0906491,119.5090099
998,Hard vard coffee,5.0,6,Cafe,-5.1138008,119.5161403
999,Kopi Pojok 47 Signature,4.5,231,Coffee shop,-5.1226883,119.4186358
1000,KOPI SENGKA,4.7,56,Coffee shop,-5.1278653,119.4185808
1001,Warkop Azzahrah - Bandang,4.5,1920,Coffee shop,-5.1229043,119.4186706
1002,Nur Djiee Coffee Shop,4.8,46,Cafe,-5.1249889,119.4198955
1003,kotakopi,4.9,37,Coffee shop,-5.1622504,119.4204597
1004,Eureka CafeStore,4.2,65,Cafe,-5.1315203,119.4183486
1005,Kopi Tua Makassar Kota,4.9,11,Coffee stand,-5.1572109,119.4218899
1007,D'Markaz coffee,4.5,35,Coffee shop,-5.1292861,119.4260547
1008,Toko Kopi Isikepala,4.8,70,Coffee shop,-5.1444495,119.4525828
1009,OQ Cafe,0.0,0,Coffee shop,-5.1321401,119.4267694
1010,Rumah Kopi Lantai Atas (Ruko Lantas),4.7,97,Coffee shop,-5.1664265,119.4531485
1011,M'KOPI,4.6,97,Coffee shop,-5.1339396,119.4286728
1012,Kopi Padu Rasa - Sunu,4.6,5,Coffee shop,-5.1294993,119.4278716
1013,De'Plano Cafe,4.2,57,Coffee shop,-5.131704,119.4254407
1014,Bermula Kopi (Halaman 1),4.8,63,Coffee shop,-5.1309786,119.4185315
1015,Mo Ka' Kopi KHAS,5.0,12,Cafe,-5.130862,119.4234659
1016,Warkop Andalas 147,4.6,330,Coffee shop,-5.1242327,119.4180003
1017,Warkop Aliyah Cahaya Abadi,4.6,75,Coffee shop,-5.1236484,119.421614
1018,Kopi Bronx,4.7,26,Cafe,-5.1300591,119.4301979
1019,kopi makassar assalam cafe,5.0,37,Coffee shop,-5.1670587,119.4911597
1020,Kopi Kenangan - Ruko Bawakaraeng Makassar,4.5,98,Coffee shop,-5.1349286,119.4271069
1021,toko kopi satu dua,5.0,1,Coffee shop,-5.1208216,119.4206976
1022,Warkop Setuju,4.8,11,Coffee shop,-5.1347733,119.4290799
1023,SOFIKOPI,4.8,75,Coffee wholesaler,-5.1662827,119.422357
1024,Jalan Bareng Creative Space,5.0,13,Coffee shop,-5.1276541,119.420455
1025,Kampoeng Kopi,4.6,16,Coffee shop,-5.1477867,119.4216624
1026,Rumah Kopi Ailah157,5.0,1,Coffee shop,-5.1223847,119.4219219
1027,Manre Na Kopi,5.0,20,Coffee shop,-5.1321367,119.4207938
1028,Kopi Sore,5.0,12,Cafe,-5.2148481,119.3934038
1029,KOPI HOMIES,5.0,1,Coffee shop,-5.1286753,119.4167647
1030,Berdua Kopi,4.6,41,Coffee shop,-5.1605231,119.4199617
1031,Kopi Kenangan - SPBU Pertamina (Andalas Makassar),4.4,73,Coffee shop,-5.1248866,119.4181597
1032,DK Dapur Kopi,4.6,37,Coffee shop,-5.1333253,119.4281788
1033,Kopi Raya Presso,4.6,29,Coffee shop,-5.1478199,119.417034
1034,Kopita 23,4.6,121,Coffee shop,-5.1562257,119.4177553
1035,Warkop 129,4.6,83,Coffee shop,-5.1210798,119.4201065
1036,Kopi Ticer,4.8,4,Coffee shop,-5.1262267,119.4198176
1037,Warkop Omsan,4.8,96,Coffee shop,-5.1240319,119.4198209
1038,BAR STATION COFFEE,5.0,6,Coffee shop,-5.1217622,119.4200598
1039,Warkop Pojok 47,4.4,51,Coffee shop,-5.1250578,119.4188835
1040,Warkop Peng Peng,4.8,35,Coffee shop,-5.1343911,119.4173766
1041,Setia Coffee,4.5,45,Coffee shop,-5.1545608,119.440528
1042,Coffe Alba,5.0,5,Coffee shop,-5.1283881,119.4184192
1043,Warkop Nur Tinumbu,4.5,129,Coffee shop,-5.1245818,119.4200764
1044,Everest Coffeshop,0.0,0,Coffee shop,-5.122681,119.4206491
1045,Kopitoa,4.5,2,Coffee shop,-5.1502823,119.4189574
1046,Warkop Callysta,4.4,113,Coffee shop,-5.1241949,119.4200679
1047,KOPI TUP’AI,4.8,12,Coffee shop,-5.1612897,119.419875
1048,WARKOP 167,4.9,21,Coffee shop,-5.1246719,119.420124
1049,Aroma cotto Makassar Dg Sitaba,4.0,1,Coffee shop,-5.1351226,119.4177516
1050,LET'S MI COFFEE,5.0,4,Coffee shop,-5.1264853,119.4193052
1051,Kedai Kopi StarBox,5.0,3,Coffee shop,-5.1324303,119.4248721
1052,WARKOP BABBA,4.4,185,Coffee shop,-5.1221033,119.419418
1053,Kopi A'L,5.0,1,Coffee shop,-5.1241848,119.4197397
1054,Kopi Pejalan,5.0,4,Coffee stand,-5.1606694,119.4358882
1055,Warung 76,4.3,50,Coffee shop,-5.1319674,119.416915
1056,RATU SOTANG,5.0,1,Coffee shop,-5.1311409,119.4239164
1057,Kopi naqi,5.0,3,Coffee shop,-5.1188656,119.4216945
1058,Warung Kopi New Om San,4.8,5,Coffee shop,-5.125214,119.420221
1059,Warkop 122,4.7,120,Coffee shop,-5.1225588,119.4200339
1060,Kedai kopi kita makassar,5.0,3,Cafe,-5.1275788,119.4206072
1061,Kedai Kopi Tiga Dara,4.6,7,Coffee shop,-5.1317406,119.4235208
1062,ZWarkop,5.0,3,Coffee shop,-5.1260714,119.4192168
1063,Kopi Deapati,4.7,13,Coffee shop,-5.191349,119.4492843
1064,KOPI OG,5.0,2,Coffee shop,-5.1321325,119.4273338
1065,Warkop Akar Te'ne,4.7,48,Cafe,-5.1211559,119.4208715
1066,WARKOP SAHABUDDIN/ACO,4.7,50,Cafe,-5.1226661,119.4201613
1068,Tradisi kopi,5.0,1,Coffee shop,-5.1581488,119.4363058
1069,Mahkota Makassar,5.0,5,Coffee wholesaler,-5.1331137,119.4270531
1070,KOPI KHASTA,4.7,82,Restaurant,-5.1351039,119.448147
1071,Kopi Dg. Sija Mapala Satu Sembilan,4.8,32,Cafe,-5.1681785,119.437697
1072,Kopi Mojaa,5.0,1,Coffee shop,-5.1367865,119.4433773
1073,Umbra Coffee & Roastery,4.7,266,Coffee shop,-5.1563994,119.4210322
1074,Skena Coffee,4.7,180,Coffee shop,-5.1487837,119.4146447
1075,Aming Coffee Makasar,4.8,296,Coffee shop,-5.1486737,119.414617
1076,Anomali Coffee Ratulangi,4.5,1636,Coffee shop,-5.1581398,119.4164025
1078,Eskopi Monginsidi,4.9,200,Coffee shop,-5.1484951,119.4228794
1079,The hills coffee,4.1,232,Coffee shop,-5.1562683,119.4219439
1080,Kopi Konnichiwa - Singa,4.8,232,Coffee shop,-5.1587126,119.4190489
1081,Kopi Kenangan - Ruko Monginsidi Makassar,4.7,133,Coffee shop,-5.1483485,119.4192213
1082,Kapakata Coffee Roaster,4.9,47,Cafe,-5.1461227,119.4178534
1083,Eunoia Coffee,4.8,42,Coffee shop,-5.1463569,119.4198763
1084,Warkop KO HENG,4.6,735,Coffee shop,-5.1423791,119.4212853
1085,La Buana Cafe & Resto,4.1,1090,Coffee shop,-5.1352819,119.4327144
1086,BOHO KOPI,4.4,49,Coffee shop,-5.1464322,119.4219597
1087,Pyur For You Coffee,4.7,68,Coffee shop,-5.1564371,119.4226852
1088,Suhu Kopi Makassar,4.6,26,Coffee shop,-5.1435721,119.4213723
1089,Cocospace Cafe,4.9,796,Cafe,-5.1518531,119.4202939
1090,LaMierra Coffee and records,4.9,35,Coffee shop,-5.1501327,119.4212447
1091,Stone House Cafe & Co Working Space,4.3,104,Coffee shop,-5.1470257,119.420449
1092,KOPITIAM MAKASSAR - HAJI BAU,4.6,805,Cafe,-5.1487725,119.412826
1093,Saruga Kopitiam,4.9,18,Coffee shop,-5.1485855,119.4222243
1094,Kedai Innong,4.5,1380,Coffee shop,-5.132407,119.406228
1095,PENANG COFFEE,4.6,14,Coffee shop,-5.1375628,119.4201612
1096,Kedai Lawas Monginsidi,4.9,746,Coffee shop,-5.1487871,119.4234052
1097,Disini Kopi Makassar,4.6,17,Coffee shop,-5.159082,119.4203243
1098,Arma Cafe,4.4,377,Coffee shop,-5.1637899,119.4235217
1099,BRANDA KOPI,4.8,48,Coffee shop,-5.1562406,119.422155
1100,EIGHTEEN Eatery,4.7,406,Asian,-5.15163,119.4216345
1101,KOPI OM BROTO,4.7,45,Coffee shop,-5.1495961,119.4218196
1102,MCH Merapi,4.2,162,Coffee shop,-5.1463383,119.4178804
1103,Sana Sini Kopi,4.6,58,Coffee shop,-5.1403591,119.4287012
1104,Fur Coffee,4.6,28,Coffee shop,-5.1602806,119.421027
1105,Kopirong Coffee Roaster,4.9,89,Coffee store,-5.1663892,119.418959
1106,Lidi Kopi,4.5,154,Coffee shop,-5.1506087,119.421881
1107,ARNUM Warung Kopi,4.7,308,Coffee shop,-5.1562167,119.4210161
1108,Point Coffee,4.6,33,Coffee shop,-5.1378976,119.420473
1109,Uncle Jo Coffee & Bike,4.7,46,Coffee shop,-5.1371029,119.420867
1110,Point Coffee,4.2,23,Coffee shop,-5.1453285,119.4147449
1111,Kiyan Space,4.9,60,Coffee shop,-5.1492338,119.4188021
1112,Miraza Coffee Roasters,4.5,64,Coffee shop,-5.1570846,119.439595
1113,RECAP COFFEE,5.0,14,Coffee shop,-5.1468713,119.4240341
1114,Djournal Coffee - Trans Studio Makassar,4.9,371,Coffee shop,-5.1592092,119.3942765
1115,Kedai Kopi 147,4.6,57,Coffee shop,-5.1581635,119.4170083
1116,Target Coffee Bar And Kitchen,4.5,176,Coffee shop,-5.149921,119.4347572
1117,Warung Kopi Phoenam Ratulangi,4.4,293,Coffee shop,-5.1576569,119.416314
1118,Kopi Nyonya,4.8,40,Coffee shop,-5.1570866,119.4237189
1119,KEDAI KOPI GUNSSING,4.8,17,Coffee shop,-5.1377978,119.4211024
1120,Kedai 168 Makassar,4.5,275,Coffee shop,-5.1610646,119.4532471
1121,The Lokal Makassar,4.3,186,Coffee shop,-5.1499123,119.4196565
1122,Canteng Mok,4.7,62,Coffee shop,-5.148703,119.419942
1123,Ara Kopi,4.8,19,Cafe,-5.1465759,119.4244527
1124,Kopi titik senja,4.9,27,Coffee shop,-5.1519449,119.4106056
1125,KOPITIAM MAKASSAR - AMANAGAPPA,4.7,158,Indonesian,-5.1371378,119.4109717
1126,Jae Coffee Social Space,4.8,74,Coffee shop,-5.1629954,119.4220192
1127,Eksposed 1.0 Coffee & Eatery,4.5,323,Coffee shop,-5.1581185,119.4177902
1128,WIRSKOPI 2.0,4.5,180,Coffee shop,-5.1602154,119.4185717
1129,Fifteen Coffee and Eatery,4.8,31,Cafe,-5.1634897,119.4158522
1130,Warung Kopi Permata,4.5,182,Coffee shop,-5.1608844,119.4222215
1131,Senara Coffee & Kitchen,4.7,44,Art cafe,-5.1558253,119.4189676
1132,POJI KOPI,5.0,47,Coffee shop,-5.1634398,119.4204222
1133,Nine Kopitiam,4.4,74,Coffee shop,-5.1667663,119.4119919
1134,dari kopi,4.4,112,Coffee shop,-5.1639458,119.4160058
1135,Rumah Kopi Maraja,4.5,60,Coffee shop,-5.1571504,119.423397
1136,TEMU KOPI SERIGALA,4.6,31,Coffee shop,-5.161326,119.420921
1137,ATAP HIJAU MAKASSAR,4.8,35,Coffee shop,-5.1601749,119.4192755
1138,Maudykopi serigala,4.5,24,Coffee shop,-5.1613431,119.4209742
1139,My Kopi O! Ratu Indah Mall,4.4,257,Coffee shop,-5.1532589,119.417407
1140,Garasi Cafe & Resto,4.5,98,Cafe,-5.1534719,119.4200286
1141,12 am coffee time,5.0,30,Coffee shop,-5.1683299,119.4333578
1142,"Fore Coffee - Mall Ratu Indah, Makassar",3.9,67,Coffee shop,-5.1534993,119.4174744
1143,KOPI MERDEKA,5.0,2,Coffee shop,-5.1609991,119.4210578
1144,Kopikost Andi Djemma,4.5,43,Coffee shop,-5.1631856,119.4219835
1145,Kopi Geak,4.9,40,Coffee shop,-5.158244,119.4201356
1146,Reussi Coffee,5.0,20,Coffee shop,-5.1603732,119.4200991
1147,Storiamo,5.0,13,Coffee shop,-5.1605784,119.419962
1148,Warkop Sija Beruang,4.6,479,Coffee shop,-5.159091,119.4196594
1149,KEDAIKOPI 69,4.5,32,Coffee shop,-5.1570392,119.4196231
1150,RAMU SPACE COFFEE & DONUT,4.0,46,Art cafe,-5.1642002,119.4191845
1151,Warkop Dg. Udjang,4.6,68,Coffee shop,-5.1571932,119.4206991
1152,Warkop 52,4.7,438,Coffee shop,-5.1567647,119.4186954
1153,Rums Cafe,4.9,21,Coffee shop,-5.157342,119.4205814
1154,Cafe 45,4.6,19,Coffee shop,-5.1580682,119.4177932
1155,Kedai Kopi Karyo,5.0,9,Coffee shop,-5.158295,119.4182444
1156,SUDUT KOPI,5.0,1,Coffee shop,-5.1537039,119.4183752
1157,Kedai Kopi Lakuna,5.0,3,Coffee shop,-5.1614595,119.4209386
1158,KOPI JAIM,5.0,1,Coffee store,-5.1560204,119.4216924
1159,Seruput Rempah,4.7,174,Coffee shop,-5.1601683,119.4192762
1160,Nolimit Coffee Tupai,4.9,15,Coffee shop,-5.1611446,119.4202559
1161,Kopi Karyo,5.0,12,Coffee shop,-5.1593836,119.4185405
1162,TOKO KOPI XAKA,5.0,4,Coffee shop,-5.1723772,119.4111771
1163,Chatime,4.9,425,Coffee shop,-5.1526071,119.4177533
1164,X6 Kedai Kopi Oma Rica,4.9,32,Manado restaurant,-5.1521473,119.4208845
1166,kopistory,5.0,1,Coffee shop,-5.1627622,119.4217271
1167,OSKY Coffee & Co. Makassar,5.0,1,Cafe,-5.1627681,119.4216
1168,Kedai Kita,4.4,441,Coffee shop,-5.1623345,119.4200603
1169,Starbucks,4.5,819,Coffee shop,-5.1537557,119.416714
1170,Microlab coffee,5.0,25,Coffee shop,-5.1580112,119.4198227
1171,Kopi Titik Senja Cendrawasih,0.0,0,Coffee shop,-5.1676078,119.4115235
1172,Excelso,4.5,43,Coffee shop,-5.1531734,119.4173528
1173,Makop Indonesia,5.0,3,Coffee shop,-5.1613291,119.4209568
1174,Daily Coffee 2.0,5.0,6,Coffee shop,-5.1620175,119.4185837
1175,Kopi SOS,5.0,4,Coffee shop,-5.1563223,119.4201416
1176,KOHI Coffee,5.0,6,Cafe,-5.159238,119.4186082
1177,Coffee Toffee,4.2,17,Coffee shop,-5.15318,119.4173729
1178,March Coffee,4.6,21,Coffee shop,-5.160463,119.4193739
1179,Teras Kopi,5.0,1,Coffee shop,-5.1633134,119.417987
1180,ADNAN COFFEE,5.0,1,Coffee shop,-5.1565018,119.417522
1181,Warkop Dottoro 75,4.5,99,Coffee shop,-5.1607465,119.4219545
1182,Takkala Kopi,5.0,1,Coffee shop,-5.155336,119.4164442
1183,Debar Kopi,5.0,5,Coffee shop,-5.1659349,119.4194826
1184,KML Coffee,5.0,4,Coffee shop,-5.1585565,119.4187427
1185,Warung kopi dan makan 77,4.8,5,Coffee shop,-5.1549263,119.418498
1186,merchant gara gara coffee,0.0,0,Espresso bar,-5.155136,119.416647
1187,Warkop Daeng Uki,4.8,82,Coffee shop,-5.1598433,119.4192908
1188,Kedai Kopi #CoffeeLounge,3.6,5,Coffee shop,-5.1552352,119.4161105
1189,Kopi Kuno,4.9,12,Restaurant,-5.1618538,119.4199741
1190,left.,5.0,3,Coffee shop,-5.1634635,119.4203304
1191,Kopi Kita Serigala,5.0,1,Coffee shop,-5.1610656,119.4210544
1192,Moko Kopi,5.0,2,Coffee shop,-5.1595015,119.4185437
1193,Warkop 83S,5.0,14,Coffee shop,-5.1646281,119.4206025
1194,warkop pojok t11,4.5,73,Cafe,-5.1572834,119.4210319
1195,Anekapisangdaeng Cab.Beruang,5.0,3,Coffee shop,-5.1568605,119.4199836
1196,Warkop 383,4.9,30,Coffee shop,-5.1650929,119.4208479
1197,cushy prime,4.6,173,Cafe,-5.1585223,119.4184332
1198,Sudut Kopi Bang Amran,5.0,4,Coffee shop,-5.1521741,119.4226772
1199,Delicate Society,4.5,560,Cafe,-5.1604722,119.4209978
1200,PONDOK IDAMAN9,5.0,8,Coffee shop,-5.156323,119.4201448
1201,kopikir saya nda capek,0.0,0,Coffee shop,-5.1668904,119.412366
1202,Warkop Serigala,4.4,31,Coffee shop,-5.1603797,119.4210174
1204,Lobi kopi,4.9,21,Coffee shop,-5.1666506,119.4945804
1205,Mangala coffe,4.4,263,Coffee shop,-2.79818,115.455429
1206,Teteskopi,4.6,107,Coffee shop,-5.1500756,119.4753722
1207,Wam’s Coffee,4.9,43,Coffee shop,-5.1657571,119.4664693
1209,Hop.in Coffee,4.8,39,Coffee shop,-5.1596898,119.4594282
1211,Sumber Djaya Coffee,4.8,12,Coffee shop,-5.1714881,119.4642703
1212,LABN COFFEE,4.8,19,Coffee shop,-5.1758588,119.4774251
1213,Kedai Kopi Enteng,4.4,36,Coffee shop,-5.1701372,119.4983191
1214,warkop manggala,4.5,113,Coffee shop,-5.1678384,119.4969281
1215,Coffee Camp,4.8,12,Coffee shop,-5.168373,119.4797297
1216,Interferon Class Cafe,4.8,38,Coffee shop,-5.1503811,119.4703415
1217,Sensey Coffee,4.7,100,Coffee shop,-5.17197,119.4799287
1218,CAFE DOMINO MAKASSAR,4.8,61,Coffee shop,-5.1511068,119.4769739
1219,Coffeeteria,4.6,34,Cafe,-5.1647113,119.496362
1220,LAPAK KOPI MAKASSAR,4.8,39,Cafe,-5.1506695,119.4726529
1221,Zeeya Coffee,4.7,52,Coffee shop,-5.1569465,119.4809312
1222,TEMU KOPI TODDOPULI,4.8,63,Coffee shop,-5.1652692,119.4591234
1223,LaRussa Cafe,4.6,53,Coffee shop,-5.1665287,119.4534406
1224,Toko Kopi Rakyat,4.8,28,Coffee shop,-5.1759297,119.477525
1225,Coffeeinheima,5.0,22,Coffee shop,-5.1654495,119.4578772
1226,Broome Coffee,5.0,15,Coffee shop,-5.1707248,119.4793304
1227,NIPA KOPI,4.5,26,Cafe,-5.1620977,119.4991281
1228,Tentang Kita coklat manggala,5.0,2,Coffee shop,-5.167817,119.4913398
1230,URBAE COFFEE - Antang Raya,4.8,6,Coffee shop,-5.1621861,119.4763529
1231,Kungai Coffee,5.0,18,Coffee shop,-5.1638509,119.474018
1232,Lemena Kopi,4.5,32,Coffee shop,-5.1490714,119.4733178
1233,Komi Kopi,5.0,31,Coffee shop,-5.1630313,119.4547721
1234,Ruang Kopi,4.9,33,Cafe,-5.1689668,119.4896895
1235,Warung Kopi OGI,4.2,614,Coffee shop,-5.1498394,119.4647674
1237,Kopi Aka,4.6,28,Coffee shop,-5.1573727,119.4585298
1238,Kedai Kopi Panacea,4.8,18,Coffee shop,-5.1560326,119.4587416
1239,T4 Minum Kopi LaFeGa,4.5,19,Coffee shop,-5.1542105,119.4588282
1240,Marami Coffee,4.2,110,Coffee shop,-5.160062,119.4766171
1242,Kedai kopi waduk 99,4.6,18,Coffee shop,-5.1661613,119.4746185
1243,TEMAN LAWAS COFFEE HOUSE,4.8,30,Cafe,-5.1639025,119.4550612
1244,Coffee AJB,4.8,39,Cafe,-5.1675801,119.4892065
1245,Calaveras Kopi,4.6,14,Coffee shop,-5.1499274,119.4701382
1246,Warkop Waduk,4.6,338,Coffee shop,-5.1681226,119.4694877
1247,Cafe Kopi Tiga,4.9,18,Cafe,-5.1639596,119.4524516
1248,REDcarpet coffee,5.0,13,Coffee shop,-5.1638371,119.4554166
1249,Kopi Mei,4.8,4,Coffee shop,-5.1612081,119.4773667
1250,Pertigaan.kopi,4.3,10,Coffee shop,-5.1627513,119.4563541
1251,Kopi Kenangan - Ruko Tamangapa Makassar,4.0,88,Coffee shop,-5.1706042,119.4799655
1252,Point Coffee,4.5,71,Coffee shop,-5.1511731,119.4604928
1253,MANNA CAFE,4.8,100,Coffee shop,-5.17833,119.44258
1254,Coffee Aroma Doloe,5.0,4,Cafe,-5.1499413,119.464381
1255,Rumah Waduk,4.7,80,Coffee shop,-5.172578,119.470215
1256,BARCOFFEE,4.6,91,Coffee shop,-5.1668646,119.463396
1257,Kopi Justitia,5.0,13,Coffee shop,-5.1507545,119.4767043
1259,Kopi Mei,4.9,7,Restaurant,-5.1686915,119.4988419
1260,WARKOP GOODGAME,4.8,65,Coffee shop,-5.1686945,119.4917615
1261,Cirkel Coffee,5.0,3,Coffee shop,-5.1536651,119.4776273
1264,MARBO Food & Drink,5.0,7,Coffee shop,-5.1642651,119.4564882
1265,"""ROTO"" Kopi Original Toraja",5.0,1,Coffee shop,-5.1724113,119.4836264
1266,Kopi Puri,4.7,22,Cafe,-5.1676711,119.4650487
1267,MANNERS COFFEE AND SOCIETY,4.9,76,Coffee shop,-5.1785402,119.4707236
1268,KEDAI KOPI KONA,4.5,2,Coffee shop,-5.1679557,119.4927655
1269,Es buah dan sob buah - Manggala,5.0,4,Coffee shop,-5.1663421,119.461142
1270,NAF.SPACE,4.4,27,Coffee shop,-5.1495929,119.4741222
1271,Anabanua Coffee,4.7,195,Cafe,-5.1654983,119.4713548
1272,Teras Kopi,4.8,5,Cafe,-5.1689734,119.472614
1273,Just coffee,5.0,2,Coffee shop,-5.1669539,119.4538851
1274,Manna Efabul Coffee and Pastry,0.0,0,Coffee shop,-5.175473,119.4704903
1275,WARKOP DOSE,4.6,103,Coffee shop,-5.1630973,119.4539688
1276,Terminal Kopi Pakem,4.0,4,Coffee shop,-5.1642903,119.4516121
1277,Kedai kopi all,4.5,10,Coffee shop,-5.1650878,119.4545994
1278,Kanopi Kopi,5.0,4,Coffee shop,-5.1671368,119.4779086
1279,Kopi Dilema,3.3,3,Cafe,-5.1774545,119.4731173
1280,Coffee Shop Incho,4.9,7,Coffee shop,-5.1610862,119.4768872
1281,Kopi rakyat,5.0,1,Coffee shop,-5.1718172,119.4706187
1282,Kopi king - Batua raya,5.0,1,Coffee shop,-5.152956,119.4591613
1283,Jurnal Warung Kopi Jl. Kabila Barat No.19,5.0,2,Cafe,-5.155169,119.4865414
1284,Kopi Arua,5.0,1,Coffee shop,-5.1622196,119.4764096
1285,GADDE CEMILAN ZIDAN,5.0,3,Coffee shop,-5.1523217,119.4700192
1286,Ambeso Coffee Shop,4.6,219,Coffee shop,-5.1651493,119.4545626
1287,Shelter Mula Kopi,4.7,3,Coffee shop,-5.170149,119.4713392
1288,Tongkonan Coffee Roasters,4.8,18,Coffee shop,-5.1606998,119.4640094
1290,Kopi Kita,5.0,3,Cafe,-5.163818,119.4553941
1291,Warung Kopi Tower,4.4,114,Coffee shop,-5.1566942,119.4839186
1292,"KOPI DISKUSI ""Ada Diskusi Ada Kopi""",5.0,2,Coffee shop,-5.1626894,119.4557195
1293,Syarat Kopi,5.0,4,Cafe,-5.1624285,119.4574918
1294,KOPI SINI,5.0,4,Coffee shop,-5.1703547,119.4799357
1295,Tongkonan - Rumah Kopi Sulawesi,5.0,3,Coffee shop,-5.1612087,119.4650988
1298,Kopi Padu Rasa - Antang,0.0,0,Coffee shop,-5.1608382,119.4770845
1299,Like Coffee,5.0,2,Coffee shop,-5.1644472,119.4564589
1300,Kopi Todaa,4.3,3,Coffee stand,-5.152224,119.4666265
1301,Kopi king,5.0,7,Coffee shop,-5.1798317,119.4798684
1302,Kopi O'mahan,4.2,5,Restaurant,-5.1661253,119.4525415
1303,Doomsy KoPi,4.7,3,Coffee shop,-5.1696916,119.4794717
1304,Malea cafe,5.0,3,Cafe,-5.1538374,119.4753533
1305,Derek Coffee Shop,5.0,2,Coffee shop,-5.1744859,119.4784163
1306,FREZZ KOPI,5.0,1,Coffee shop,-5.161264,119.4615512
1307,Kubu Kopi,5.0,8,Coffee shop,-5.164136,119.456199
1308,Warkop Siruntu,4.8,58,Cafe,-5.1496655,119.4731868
1309,Kopi Noka Antang,1.0,1,Coffee shop,-5.1647996,119.4769579
1310,Warkop sija Manggala,0.0,0,Coffee shop,-5.1523762,119.4777911
1311,Kopi Sambar,5.0,2,Coffee stand,-5.1543628,119.4791927
1312,KOPI SINAR DJAYA,5.0,1,Coffee shop,-5.1645323,119.476203
1313,Kopi Sebatas temu,4.8,5,Coffee shop,-5.173763,119.4802789
1314,As kopi 26,5.0,1,Coffee shop,-5.1683496,119.4664036
1315,Manggala Resto & Cafe,5.0,5,Restaurant,-6.2072828,106.7997567
1316,Warkop Baruga,4.2,288,Coffee shop,-5.1574207,119.4851855
1317,Caffeine Coffee,4.4,21,Cafe,-5.1640379,119.4524648
1318,Kedai Kopi & Roti Canai Borneo,3.3,3,Coffee shop,-5.1576903,119.4870864
1319,Warkop Azzahrah - Tamangapa,4.6,7,Coffee shop,-5.1712742,119.4795904
1320,Kopi Sejoli,5.0,2,Cafe,-5.1595543,119.4612056
1321,Space Garage,5.0,20,Cafe,-5.1506324,119.4675535
1322,Warkop KEKO,5.0,4,Coffee shop,-5.1578962,119.4646127
1323,Sudut Senang,5.0,21,Coffee shop,-5.1508816,119.4133372
1324,Nurimo Coffee & Eatery,4.4,59,Cafe,-5.1604009,119.4093783
1325,Notion coffee,4.8,35,Coffee shop,-5.1641082,119.4124399
1326,Niels Cafe Mappanyuki,4.8,304,Coffee shop,-5.153496,119.4149126
1327,Janji Jiwa & Jiwa Toast CPI,4.6,266,Coffee shop,-5.1494015,119.3981171
1328,Haloman Coffee,4.5,95,Cafe,-5.1605229,119.4113382
1329,District 27 Coffee,4.5,104,Cafe,-5.1510356,119.4147544
1330,TOKO KOPI RAMOEH,4.9,14,Coffee shop,-5.1573004,119.4092702
1331,Kopi Cendrawasih,4.5,20,Coffee shop,-5.1624729,119.412735
1332,Taobun,4.4,361,Coffee shop,-5.1606053,119.4088329
1333,Kopi TAWA,4.6,40,Coffee shop,-5.1589024,119.4166774
1334,es kopi seroja,5.0,6,Coffee shop,-5.1576648,119.4071479
1335,Warkop HB,4.6,72,Coffee shop,-5.1487237,119.4126692
1336,KOPI KALCER GO,5.0,1,Coffee shop,-5.1650195,119.4079294
1337,Soare Coffee and Eatery,5.0,5,Coffee shop,-5.1652669,119.4121926
1338,Warkoo Daeng Sija,5.0,1,Coffee shop,-5.161769,119.408791
1339,Kopi Sena,4.4,50,Cafe,-5.1603025,119.4169654
1340,Uwest,3.9,124,Coffee shop,-5.158916,119.4116477
1341,D'Coffee,5.0,3,Coffee shop,-5.1513221,119.4103394
1342,Kopi Ogud Flagship Ratulangi,4.7,67,Coffee store,-5.1569747,119.416378
1343,Goffee CPI,4.4,39,Coffee shop,-5.1493246,119.3981145
1344,SOFE.Coffee,0.0,0,Coffee shop,-5.155433,119.4149511
1345,SKI Coffee,5.0,12,Coffee shop,-5.150939,119.4100093
1346,Rekan Kerja,4.6,18,Coffee shop,-5.1603203,119.4096975
1347,Kopi alif,5.0,5,Cafe,-5.1635867,119.4082077
1348,Kedai Kopi Matahari,4.6,73,Coffee shop,-5.1625725,119.4080581
1349,Warkop Mappanyukki,4.5,265,Coffee shop,-5.1499645,119.4144502
1350,GARASI KOPI,4.6,44,Coffee shop,-5.1501414,119.4098541
1351,PENANG COFFEE 2.0,4.9,9,Coffee shop,-5.1590818,119.4167116
1352,Kopi Mario,4.8,6,Cafe,-5.1573066,119.4158808
1353,QAP COFFEE,4.5,4,Coffee shop,-5.1613653,119.4093644
1354,Janji Jiwa Jilid 934 Cenderawasih,4.6,76,Coffee shop,-5.1634874,119.4125755
1355,Crematology X Makassar,4.5,58,Coffee shop,-5.1521777,119.4041426
1356,kopi tiam oey makassar,5.0,2,Coffee shop,-5.1530809,119.4085051
1357,Warkop Anugrah,4.2,93,Coffee shop,-5.1611591,119.4125398
1358,Kedai R99,5.0,8,Coffee shop,-5.1631445,119.4129361
1359,Aroma mangasa,5.0,11,Coffee shop,-5.1601052,119.4133664
1360,Bangi Cafe Sunset CPI,4.2,362,Coffee shop,-5.1498068,119.3940483
1361,Warung Koffie Batavia,4.1,120,Coffee shop,-5.1526314,119.4037871
1362,Mavia 1.0,5.0,1,Coffee shop,-5.1592994,119.4106655
1363,Noon Tea Bar Makassar,4.4,89,Coffee shop,-5.1510119,119.4045009
1364,Daun Coffee & Billiard,4.0,178,Coffee shop,-5.1603393,119.4110381
1365,Warkop 23,4.5,82,Coffee shop,-5.1501818,119.4150433
1366,Warkop Sinar Wahyu,4.7,72,Coffee shop,-5.158596,119.413485
1367,Joy Coffee,5.0,3,Coffee shop,-5.1559508,119.4089754
1368,kopi tiao,5.0,2,Cafe,-5.1569061,119.4104199
1369,Balla Kopi Jier,4.9,9,Coffee shop,-5.1558437,119.4108111
1370,Warkop Garage,4.7,92,Cafe,-5.1608427,119.4095062
1371,Kopi Ogud Pettarani,4.7,88,Coffee shop,-5.1683028,119.4337772
1372,Warkop Orange,4.5,328,Coffee shop,-5.1570301,119.4151507
1373,Bhumi Cafe,4.3,10,Coffee shop,-5.158374,119.4111377
1374,Mie Naga Dahlia,4.5,37,Coffee shop,-5.1604658,119.4079629
1375,Warkop 99,4.8,31,Coffee shop,-5.1609465,119.4135366
1376,PUBLIC COFFEE & SPACE,4.9,61,Cafe,-5.165866,119.4102871
1377,HANA CAFE,5.0,5,Coffee shop,-5.1578216,119.4103473
1378,Coffee House Onhe,5.0,1,Coffee shop,-5.14915,119.412875
1379,KEDAI KOPI SERAMA TURATEA,5.0,4,Coffee shop,-5.1565455,119.4102114
1380,Kopi Seduhu,0.0,0,Coffee store,-5.162441,119.4067995
1381,Uptown Urban coffee And Resto,4.4,12,Restaurant,-5.159532,119.4134361
1382,WARKOP ICAL OM ICAL,4.7,15,Coffee shop,-5.1570616,119.4103877
1383,Damgo Cafe and Coffee Shop,4.4,270,Cafe,-5.1522397,119.4148123
1384,Warung Kopi Jadul,5.0,1,Coffee shop,-5.1499687,119.4150879
1385,Kopi Toraja Mobile,3.7,3,Coffee shop,-5.1604735,119.4135996
1386,Cafe Zulkha Studio,5.0,1,Coffee shop,-5.1602661,119.407961
1387,Mec English Coffee,4.2,59,Cafe,-5.1563561,119.4147214
1388,Kedap kedai,4.2,6,Coffee shop,-5.1548392,119.4149797
1389,Teh Kopi,5.0,4,Coffee shop,-5.1501608,119.4147022
1390,Bampers Coffee,4.3,10,Cafe,-5.1595499,119.410318
1391,Aer Coffee,5.0,4,Coffee shop,-5.1635114,119.4128487
1392,Kedai Kopi Ali,5.0,2,Coffee shop,-5.163947,119.4097701
1393,Radical Coffee,0.0,0,Coffee shop,-5.1580153,119.4129787
1394,KEDAI OH KOPIJOKKA CABANG MERAK,0.0,0,Coffee shop,-5.1595615,119.4106059
1395,WARKOP PILAR,4.5,13,Coffee shop,-5.1583688,119.4117879
1396,Daico,0.0,0,Coffee shop,-5.1591876,119.4076464
1397,Kedai Kopi Rezky,4.0,1,Coffee shop,-5.163177,119.4079153
1398,Kedai Kopi La Dokka,4.5,2,Coffee shop,-5.161864,119.4047926
1399,Kopi lounge,0.0,0,Coffee shop,-5.1606236,119.4079587
1400,Kedai Coffee F99,0.0,0,Coffee shop,-5.1605099,119.4096684
1401,Warkop Pelangi,4.5,21,Coffee shop,-5.1533907,119.4133524
1402,Warkop Max Zone,4.6,9,Coffee shop,-5.155844,119.410836
1403,RockTea Cendrawasih,0.0,0,Coffee shop,-5.1491092,119.4131147
1404,Frozenmart Frozenfood x Warkop Kakatua,4.6,24,Coffee shop,-5.161268,119.412101
1405,Kopi Kalosi,5.0,1,Coffee shop,-5.1496323,119.4129103
1406,Street Kopi,5.0,1,Coffee shop,-5.1519218,119.4106009
1407,Kopi Doeloe Cafe,5.0,10,Cafe,-5.1613653,119.4093644
1408,Eko Warkop21,4.8,4,Cafe,-5.1695136,119.4066067
1409,Warkop Baji Minasa,5.0,2,Coffee shop,-5.1667584,119.4084149
1410,Bangi Kopi Phinisi Point Mall,4.2,13,Restaurant,-5.1521175,119.4041805
1411,Cafe Enak Makassar,0.0,0,Coffee shop,-5.1569713,119.4163266
1412,UNO COFFEE,5.0,1,Cafe,-5.1485734,119.4146029
1413,Warkop Exel,4.3,4,Coffee shop,-5.161119,119.4126742
1414,Kedai TOP MagiQ - Makan & NgopiQ,4.6,33,Restaurant,-5.1519953,119.4133572
1415,Coffee MIU,5.0,7,Coffee shop,-5.1613309,119.4163882
1416,ROCK coffee by : R.Co,4.1,8,Cafe,-5.1622906,119.4099989
1418,Warung Kopi Ina,4.0,2,Coffee shop,-5.154064,119.413445
1419,Warkop Automotive Care,4.2,51,Coffee shop,-5.161186,119.41385
1420,Warkop Bahagia,4.2,33,Cafe,-5.1582806,119.4136575
1421,Kopi Kenangan - Phinisi Point Makassar,3.8,20,Coffee shop,-5.1522922,119.4042199
1422,Heavan With You,4.6,436,Cafe,-5.1614779,119.4115125
1423,Biz Coffee,0.0,0,Coffee shop,-5.1595148,119.4134524
1424,The Julu Ati Coffee & Garden,0.0,0,Coffee shop,-5.1635017,119.4067696
1425,Kedai zahra (coffee & tea,5.0,3,Cafe,-5.1622906,119.4099989
1426,Teras Ai,0.0,0,Coffee shop,-5.1636234,119.4088176
