link,name,rating,num_reviewers,type
https://www.google.com/maps/place/Jae+Coffee+Social+Space/data=!4m7!3m6!1s0x2dbee36fd3e4c957:0x91bb03f9afb87493!8m2!3d-5.1629954!4d119.4220192!16s%2Fg%2F11rwyhd950!19sChIJV8nk02_jvi0Rk3S4r_kDu5E?authuser=0&hl=en&rclk=1,Jae Coffee Social Space,4.8,-74,Coffee shop
https://www.google.com/maps/place/Eksposed+1.0+Coffee+%26+Eatery/data=!4m7!3m6!1s0x2dbf1d200b3db7c1:0xc3518dbcca7c8a4!8m2!3d-5.1581185!4d119.4177902!16s%2Fg%2F11j7hqvyxq!19sChIJwbc9CyAdvy0RpMinzNsYNQw?authuser=0&hl=en&rclk=1,Eksposed 1.0 Coffee & Eatery,4.5,-323,Coffee shop
https://www.google.com/maps/place/Kopi+Konnichiwa+-+Singa/data=!4m7!3m6!1s0x2dbee372d40e3409:0x98955b54b66a5cf0!8m2!3d-5.1587126!4d119.4190489!16s%2Fg%2F11mw7h7mvr!19sChIJCTQO1HLjvi0R8FxqtlRblZg?authuser=0&hl=en&rclk=1,Kopi Konnichiwa - Singa,4.8,-232,Coffee shop
https://www.google.com/maps/place/Kopi+Riolo/data=!4m7!3m6!1s0x2dbee36ed8647147:0x5f734c14d379f030!8m2!3d-5.1568381!4d119.4200304!16s%2Fg%2F11rj64868j!19sChIJR3Fk2G7jvi0RMPB50xRMc18?authuser=0&hl=en&rclk=1,Kopi Riolo,4.6,-333,Coffee shop
https://www.google.com/maps/place/kotakopi/data=!4m7!3m6!1s0x2dbee393accd0e65:0x6a33f4679568df48!8m2!3d-5.1622504!4d119.4204597!16s%2Fg%2F11vbf3m1v3!19sChIJZQ7NrJPjvi0RSN9olWf0M2o?authuser=0&hl=en&rclk=1,kotakopi,4.9,-37,Coffee shop
https://www.google.com/maps/place/kopiteori/data=!4m7!3m6!1s0x2dbee2a067f42bc5:0xc50608f3407ed8e0!8m2!3d-5.1572607!4d119.4197325!16s%2Fg%2F11b8d3x83w!19sChIJxSv0Z6Divi0R4Nh-QPMIBsU?authuser=0&hl=en&rclk=1,kopiteori,4.6,"-1,597",Coffee shop
https://www.google.com/maps/place/WIRSKOPI+2.0/data=!4m7!3m6!1s0x2dbee3a9997cbf5b:0x575e49983b2a97ee!8m2!3d-5.1602154!4d119.4185717!16s%2Fg%2F11t2f4ypg0!19sChIJW798manjvi0R7pcqO5hJXlc?authuser=0&hl=en&rclk=1,WIRSKOPI 2.0,4.5,-180,Coffee shop
https://www.google.com/maps/place/Fifteen+Coffee+and+Eatery/data=!4m7!3m6!1s0x2dbf1d2ef4670c3f:0x342dca02d8247b82!8m2!3d-5.1634897!4d119.4158522!16s%2Fg%2F11jybdx1nf!19sChIJPwxn9C4dvy0Rgnsk2ALKLTQ?authuser=0&hl=en&rclk=1,Fifteen Coffee and Eatery,4.8,-31,Cafe
https://www.google.com/maps/place/Umbra+Coffee+%26+Roastery/data=!4m7!3m6!1s0x2dbee2a12bd0bb85:0x360475a307357237!8m2!3d-5.1563994!4d119.4210322!16s%2Fg%2F11ggbvqkqr!19sChIJhbvQK6Hivi0RN3I1B6N1BDY?authuser=0&hl=en&rclk=1,Umbra Coffee & Roastery,4.7,-266,Coffee shop
https://www.google.com/maps/place/Qahwa+coffe+roastery%2Fwarkop+opuraja/data=!4m7!3m6!1s0x2dbee33ec7c30269:0x374ccc5871e0c980!8m2!3d-5.1735294!4d119.4086706!16s%2Fg%2F11py5ssv6s!19sChIJaQLDxz7jvi0RgMngcVjMTDc?authuser=0&hl=en&rclk=1,Qahwa coffe roastery/warkop opuraja,4.9,-12,Manufacturer
https://www.google.com/maps/place/ARNUM+Warung+Kopi/data=!4m7!3m6!1s0x2dbee37b192f4b39:0x9dbed9ba48e293ed!8m2!3d-5.1562167!4d119.4210161!16s%2Fg%2F11q9jlmtzx!19sChIJOUsvGXvjvi0R7ZPiSLrZvp0?authuser=0&hl=en&rclk=1,ARNUM Warung Kopi,4.7,-308,Coffee shop
https://www.google.com/maps/place/Warung+Kopi+Permata/data=!4m7!3m6!1s0x2dbee29f6068787f:0x9b0cde0ddd82f7ba!8m2!3d-5.1608844!4d119.4222215!16s%2Fg%2F11b77jfj1s!19sChIJf3hoYJ_ivi0RuveC3Q3eDJs?authuser=0&hl=en&rclk=1,Warung Kopi Permata,4.5,-182,Coffee shop
https://www.google.com/maps/place/Senara+Coffee+%26+Kitchen/data=!4m7!3m6!1s0x2dbee38573fdc0ed:0x1ab8c5c4ccb7b7e1!8m2!3d-5.1558253!4d119.4189676!16s%2Fg%2F11s4y6bkq6!19sChIJ7cD9c4Xjvi0R4be3zMTFuBo?authuser=0&hl=en&rclk=1,Senara Coffee & Kitchen,4.7,-44,Art cafe
https://www.google.com/maps/place/Ngopi+Santai/data=!4m7!3m6!1s0x2dbee3820e882865:0x5e6e371b60e7fa0c!8m2!3d-5.1592494!4d119.4186329!16s%2Fg%2F11fj__05c8!19sChIJZSiIDoLjvi0RDPrnYBs3bl4?authuser=0&hl=en&rclk=1,Ngopi Santai,4.7,-368,Coffee shop
https://www.google.com/maps/place/POJI+KOPI/data=!4m7!3m6!1s0x2dbee30009384161:0x1ae65eb18ba57d75!8m2!3d-5.1634398!4d119.4204222!16s%2Fg%2F11y32fhq_q!19sChIJYUE4CQDjvi0RdX2li7Fe5ho?authuser=0&hl=en&rclk=1,POJI KOPI,5,-47,Coffee shop
https://www.google.com/maps/place/Cangkiri+Koffie+Tupai/data=!4m7!3m6!1s0x2dbee345c9e5da13:0xab77028598862590!8m2!3d-5.158018!4d119.4208792!16s%2Fg%2F11p06ybhfd!19sChIJE9rlyUXjvi0RkCWGmIUCd6s?authuser=0&hl=en&rclk=1,Cangkiri Koffie Tupai,4.3,-118,Coffee shop
https://www.google.com/maps/place/Nine+Kopitiam/data=!4m7!3m6!1s0x2dbf1d640985a74f:0x58c53934b30e62d3!8m2!3d-5.1667663!4d119.4119919!16s%2Fg%2F11g6xbg86f!19sChIJT6eFCWQdvy0R02IOszQ5xVg?authuser=0&hl=en&rclk=1,Nine Kopitiam,4.4,-74,Coffee shop
https://www.google.com/maps/place/dari+kopi/data=!4m7!3m6!1s0x2dbf1d455983a89f:0xaa35e4db6b17729e!8m2!3d-5.1639458!4d119.4160058!16s%2Fg%2F11tg5s8r9r!19sChIJn6iDWUUdvy0RnnIXa9vkNao?authuser=0&hl=en&rclk=1,dari kopi,4.4,-112,Coffee shop
https://www.google.com/maps/place/Rumah+Kopi+Maraja/data=!4m7!3m6!1s0x2dbee36f50f6f0e5:0x72b3391f4ecf208e!8m2!3d-5.1571504!4d119.423397!16s%2Fg%2F11fj777b12!19sChIJ5fD2UG_jvi0RjiDPTh85s3I?authuser=0&hl=en&rclk=1,Rumah Kopi Maraja,4.5,-60,Coffee shop
https://www.google.com/maps/place/Kopirong+Coffee+Roaster/data=!4m7!3m6!1s0x2dbee32260551cd3:0x82111ee4b5963c0f!8m2!3d-5.1663892!4d119.418959!16s%2Fg%2F11gfgs644w!19sChIJ0xxVYCLjvi0RDzyWteQeEYI?authuser=0&hl=en&rclk=1,Kopirong Coffee Roaster,4.9,-89,Coffee store
https://www.google.com/maps/place/Skena+Coffee/data=!4m7!3m6!1s0x2dbf1d007f7c3adb:0xd81190ccc86aebaa!8m2!3d-5.1487837!4d119.4146447!16s%2Fg%2F11vq6kd1h4!19sChIJ2zp8fwAdvy0RqutqyMyQEdg?authuser=0&hl=en&rclk=1,Skena Coffee,4.7,-180,Coffee shop
https://www.google.com/maps/place/Pyur+For+You+Coffee/data=!4m7!3m6!1s0x2dbee3564120ce1f:0xa5db8244d2bb1fc9!8m2!3d-5.1564371!4d119.4226852!16s%2Fg%2F11rhqk4nvq!19sChIJH84gQVbjvi0RyR-70kSC26U?authuser=0&hl=en&rclk=1,Pyur For You Coffee,4.7,-68,Coffee shop
https://www.google.com/maps/place/The+hills+coffee/data=!4m7!3m6!1s0x2dbee363e78a1181:0x95f74e31b4661433!8m2!3d-5.1562683!4d119.4219439!16s%2Fg%2F11k3qpl_vc!19sChIJgRGK52Pjvi0RMxRmtDFO95U?authuser=0&hl=en&rclk=1,The hills coffee,4.1,-232,Coffee shop
https://www.google.com/maps/place/Kopi+Nyonya/data=!4m7!3m6!1s0x2dbee3217d4d0deb:0xa1f0cab1abb788d3!8m2!3d-5.1570866!4d119.4237189!16s%2Fg%2F11vj37jv01!19sChIJ6w1NfSHjvi0R04i3q7HK8KE?authuser=0&hl=en&rclk=1,Kopi Nyonya,4.8,-40,Coffee shop
https://www.google.com/maps/place/SOFIKOPI/data=!4m7!3m6!1s0x2dbee29c15b4e545:0xba8178affd5dbfc2!8m2!3d-5.1662827!4d119.422357!16s%2Fg%2F11bxb9jcsq!19sChIJReW0FZzivi0Rwr9d_a94gbo?authuser=0&hl=en&rclk=1,SOFIKOPI,4.8,-75,Coffee wholesaler
https://www.google.com/maps/place/Kopi+Ujung+Jalan/data=!4m7!3m6!1s0x2dbee306082085fb:0x6ae677158bb9feab!8m2!3d-5.1649877!4d119.4200346!16s%2Fg%2F11kb1y8h_f!19sChIJ-4UgCAbjvi0Rq_65ixV35mo?authuser=0&hl=en&rclk=1,Kopi Ujung Jalan,5,-28,Coffee shop
https://www.google.com/maps/place/TEMU+KOPI+SERIGALA/data=!4m7!3m6!1s0x2dbee3c217c6b48f:0x3a723d40a930dfb8!8m2!3d-5.161326!4d119.420921!16s%2Fg%2F11wthmkr0g!19sChIJj7TGF8Ljvi0RuN8wqUA9cjo?authuser=0&hl=en&rclk=1,TEMU KOPI SERIGALA,4.6,-31,Coffee shop
https://www.google.com/maps/place/ATAP+HIJAU+MAKASSAR/data=!4m7!3m6!1s0x2dbee3e50350347b:0x7f044fcf5e092c70!8m2!3d-5.1601749!4d119.4192755!16s%2Fg%2F11k4lcw_j2!19sChIJezRQA-Xjvi0RcCwJXs9PBH8?authuser=0&hl=en&rclk=1,ATAP HIJAU MAKASSAR,4.8,-35,Coffee shop
https://www.google.com/maps/place/Maudykopi+serigala/data=!4m7!3m6!1s0x2dbee398b6ac7aa9:0xbdafe3aedb6d5e5b!8m2!3d-5.1613431!4d119.4209742!16s%2Fg%2F11pz6w_fxs!19sChIJqXqstpjjvi0RW15t267jr70?authuser=0&hl=en&rclk=1,Maudykopi serigala,4.5,-24,Coffee shop
https://www.google.com/maps/place/Kopi+titik+senja/data=!4m7!3m6!1s0x2dbf1dc38977ef77:0x2b119501052724e3!8m2!3d-5.1519449!4d119.4106056!16s%2Fg%2F11r10s2qrf!19sChIJd-93icMdvy0R4yQnBQGVESs?authuser=0&hl=en&rclk=1,Kopi titik senja,4.9,-27,Coffee shop
https://www.google.com/maps/place/Fur+Coffee/data=!4m7!3m6!1s0x2dbee37ff0bf3f6b:0xa9f2bdd59d87da9e!8m2!3d-5.1602806!4d119.421027!16s%2Fg%2F11w44x711_!19sChIJaz-_8H_jvi0RntqHndW98qk?authuser=0&hl=en&rclk=1,Fur Coffee,4.6,-28,Coffee shop
https://www.google.com/maps/place/My+Kopi+O!+Ratu+Indah+Mall/data=!4m7!3m6!1s0x2dbf1d58bff72167:0x4a317498340d5d86!8m2!3d-5.1532589!4d119.417407!16s%2Fg%2F1pzr4g23q!19sChIJZyH3v1gdvy0Rhl0NNJh0MUo?authuser=0&hl=en&rclk=1,My Kopi O! Ratu Indah Mall,4.4,-257,Coffee shop
https://www.google.com/maps/place/Toko+Kopi+Ujung/data=!4m7!3m6!1s0x2dbf02b1d06b879d:0x3456b520bd39d0a2!8m2!3d-5.1373193!4d119.4059802!16s%2Fg%2F1hm4vlkv2!19sChIJnYdr0LECvy0RotA5vSC1VjQ?authuser=0&hl=en&rclk=1,Toko Kopi Ujung,4.5,-524,Coffee shop
https://www.google.com/maps/place/Garasi+Cafe+%26+Resto/data=!4m7!3m6!1s0x2dbee38bc7dc58cb:0x3792e9ca17c71417!8m2!3d-5.1534719!4d119.4200286!16s%2Fg%2F11frph5xn0!19sChIJy1jcx4vjvi0RFxTHF8rpkjc?authuser=0&hl=en&rclk=1,Garasi Cafe & Resto,4.5,-98,Cafe
https://www.google.com/maps/place/12+am+coffee+time/data=!4m7!3m6!1s0x2dbee3006b71612d:0xd515cd05ad83c972!8m2!3d-5.1683299!4d119.4333578!16s%2Fg%2F11vzq0m9zn!19sChIJLWFxawDjvi0RcsmDrQXNFdU?authuser=0&hl=en&rclk=1,12 am coffee time,5,-30,Coffee shop
https://www.google.com/maps/place/BRANDA+KOPI/data=!4m7!3m6!1s0x2dbee30a65f99675:0x31213ce83a065f5f!8m2!3d-5.1562406!4d119.422155!16s%2Fg%2F11hyt692cg!19sChIJdZb5ZQrjvi0RX18GOug8ITE?authuser=0&hl=en&rclk=1,BRANDA KOPI,4.8,-48,Coffee shop
https://www.google.com/maps/place/Kopi+Tua+Makassar+Kota/data=!4m7!3m6!1s0x2dbee383eecffc57:0xe3ec5a84557cfb93!8m2!3d-5.1572109!4d119.4218899!16s%2Fg%2F11tft9w36c!19sChIJV_zP7oPjvi0Rk_t8VYRa7OM?authuser=0&hl=en&rclk=1,Kopi Tua Makassar Kota,4.9,-11,Coffee stand
"https://www.google.com/maps/place/Fore+Coffee+-+Mall+Ratu+Indah,+Makassar/data=!4m7!3m6!1s0x2dbf1d49a2eca5e5:0xd8d1bb17f7ea6b42!8m2!3d-5.1534993!4d119.4174744!16s%2Fg%2F11q9m8qptx!19sChIJ5aXsokkdvy0RQmvq9xe70dg?authuser=0&hl=en&rclk=1","Fore Coffee - Mall Ratu Indah, Makassar",3.9,-67,Coffee shop
https://www.google.com/maps/place/KOPI+MERDEKA/data=!4m7!3m6!1s0x2dbee30045d57301:0x5b9313612a25d160!8m2!3d-5.1609991!4d119.4210578!16s%2Fg%2F11yz_p7xfl!19sChIJAXPVRQDjvi0RYNElKmETk1s?authuser=0&hl=en&rclk=1,KOPI MERDEKA,5,-2,Coffee shop
https://www.google.com/maps/place/Kopita+23/data=!4m7!3m6!1s0x2dbf1d58aae3aacf:0xb74bf31f7272aba2!8m2!3d-5.1562257!4d119.4177553!16s%2Fg%2F11g7nzbr6t!19sChIJz6rjqlgdvy0Roqtych_zS7c?authuser=0&hl=en&rclk=1,Kopita 23,4.6,-121,Coffee shop
https://www.google.com/maps/place/Canton+Coffee/data=!4m7!3m6!1s0x2dbefd567d5c2593:0x760494ff31dc8e35!8m2!3d-5.1371171!4d119.4214132!16s%2Fg%2F1hm4qgf9m!19sChIJkyVcfVb9vi0RNY7cMf-UBHY?authuser=0&hl=en&rclk=1,Canton Coffee,4.5,-376,Coffee shop
https://www.google.com/maps/place/Kopikost+Andi+Djemma/data=!4m7!3m6!1s0x2dbee300657bba61:0xc314615f7c537f5b!8m2!3d-5.1631856!4d119.4219835!16s%2Fg%2F11vs985ndf!19sChIJYbp7ZQDjvi0RW39TfF9hFMM?authuser=0&hl=en&rclk=1,Kopikost Andi Djemma,4.5,-43,Coffee shop
https://www.google.com/maps/place/Kopi+Geak/data=!4m7!3m6!1s0x2dbee30b3a64a1dd:0xe2e7d45b4557d45e!8m2!3d-5.158244!4d119.4201356!16s%2Fg%2F11kwhx0tzb!19sChIJ3aFkOgvjvi0RXtRXRVvU5-I?authuser=0&hl=en&rclk=1,Kopi Geak,4.9,-40,Coffee shop
https://www.google.com/maps/place/Reussi+Coffee/data=!4m7!3m6!1s0x2dbee3bfda76753d:0xa9b9723e56e3f2b5!8m2!3d-5.1603732!4d119.4200991!16s%2Fg%2F11xlb1gzyq!19sChIJPXV22r_jvi0RtfLjVj5yuak?authuser=0&hl=en&rclk=1,Reussi Coffee,5,-20,Coffee shop
https://www.google.com/maps/place/Storiamo/data=!4m7!3m6!1s0x2dbee3000a5350f7:0x9b0402b365459d60!8m2!3d-5.1605784!4d119.419962!16s%2Fg%2F11y44tzxlf!19sChIJ91BTCgDjvi0RYJ1FZbMCBJs?authuser=0&hl=en&rclk=1,Storiamo,5,-13,Coffee shop
https://www.google.com/maps/place/Warkop+Sija+Beruang/data=!4m7!3m6!1s0x2dbee37b1c2174b1:0xc7211ce9e65f6ed5!8m2!3d-5.159091!4d119.4196594!16s%2Fg%2F11fk3_qwrr!19sChIJsXQhHHvjvi0R1W5f5ukcIcc?authuser=0&hl=en&rclk=1,Warkop Sija Beruang,4.6,-479,Coffee shop
https://www.google.com/maps/place/KEDAIKOPI+69/data=!4m7!3m6!1s0x2dbee2a0c68a3faf:0xa81cc7f2965ac5f5!8m2!3d-5.1570392!4d119.4196231!16s%2Fg%2F11dx99nmty!19sChIJrz-KxqDivi0R9cValvLHHKg?authuser=0&hl=en&rclk=1,KEDAIKOPI 69,4.5,-32,Coffee shop
https://www.google.com/maps/place/KOPI+TUP%E2%80%99AI/data=!4m7!3m6!1s0x2dbee3fc4450ce9f:0x288181c7d11f1e08!8m2!3d-5.1612897!4d119.419875!16s%2Fg%2F11xcnclqzt!19sChIJn85QRPzjvi0RCB4f0ceBgSg?authuser=0&hl=en&rclk=1,KOPI TUP’AI,4.8,-12,Coffee shop
https://www.google.com/maps/place/RAMU+SPACE+COFFEE+%26+DONUT/data=!4m7!3m6!1s0x2dbee32e8406894b:0xdadc4c82730f0fb2!8m2!3d-5.1642002!4d119.4191845!16s%2Fg%2F11s5drtcb9!19sChIJS4kGhC7jvi0Rsg8Pc4JM3No?authuser=0&hl=en&rclk=1,RAMU SPACE COFFEE & DONUT,4,-46,Art cafe
https://www.google.com/maps/place/Kopi+Setia/data=!4m7!3m6!1s0x2dbee2ad2f755c8f:0x73689bfd4c657513!8m2!3d-5.1479649!4d119.4285747!16s%2Fg%2F1tvdy4tl!19sChIJj1x1L63ivi0RE3VlTP2baHM?authuser=0&hl=en&rclk=1,Kopi Setia,4.5,-176,Coffee shop
https://www.google.com/maps/place/Kedai+Kopi+147/data=!4m7!3m6!1s0x2dbf1d485caa8e3b:0xd031943183758e72!8m2!3d-5.1581635!4d119.4170083!16s%2Fg%2F11fj32qsnf!19sChIJO46qXEgdvy0Rco51gzGUMdA?authuser=0&hl=en&rclk=1,Kedai Kopi 147,4.6,-57,Coffee shop
https://www.google.com/maps/place/Warkop+Dg.+Udjang/data=!4m7!3m6!1s0x2dbee2a0fd908a8d:0x3c10ab6f82af84ac!8m2!3d-5.1571932!4d119.4206991!16s%2Fg%2F11c0vp8qwz!19sChIJjYqQ_aDivi0RrISvgm-rEDw?authuser=0&hl=en&rclk=1,Warkop Dg. Udjang,4.6,-68,Coffee shop
https://www.google.com/maps/place/Warkop+52/data=!4m7!3m6!1s0x2dbee2a0b1c8f7cd:0x63a455fde57094da!8m2!3d-5.1567647!4d119.4186954!16s%2Fg%2F11fzgj9ldn!19sChIJzffIsaDivi0R2pRw5f1VpGM?authuser=0&hl=en&rclk=1,Warkop 52,4.7,-438,Coffee shop
https://www.google.com/maps/place/Rums+Cafe/data=!4m7!3m6!1s0x2dbee38a4af370f9:0xb1f72e3dfddfa1d3!8m2!3d-5.157342!4d119.4205814!16s%2Fg%2F11l6g239q4!19sChIJ-XDzSorjvi0R06Hf_T0u97E?authuser=0&hl=en&rclk=1,Rums Cafe,4.9,-21,Coffee shop
https://www.google.com/maps/place/Manre+Na+Kopi/data=!4m7!3m6!1s0x2dbefd804eeb1b9f:0x212128056ddce490!8m2!3d-5.1321367!4d119.4207938!16s%2Fg%2F11wms895p9!19sChIJnxvrToD9vi0RkOTcbQUoISE?authuser=0&hl=en&rclk=1,Manre Na Kopi,5,-20,Coffee shop
https://www.google.com/maps/place/Warung+Kopi+Sija+Cendrawasih/data=!4m7!3m6!1s0x2dbf1d6f74a02533:0xfc7ee4277ce0bbe6!8m2!3d-5.1495718!4d119.4132775!16s%2Fg%2F11t9cq5gcz!19sChIJMyWgdG8dvy0R5rvgfCfkfvw?authuser=0&hl=en&rclk=1,Warung Kopi Sija Cendrawasih,4.9,-10,Coffee shop
https://www.google.com/maps/place/Cafe+45/data=!4m7!3m6!1s0x2dbf1d5f63c84fdd:0xa81e392957bd0538!8m2!3d-5.1580682!4d119.4177932!16s%2Fg%2F11f101np_k!19sChIJ3U_IY18dvy0ROAW9Vyk5Hqg?authuser=0&hl=en&rclk=1,Cafe 45,4.6,-19,Coffee shop
https://www.google.com/maps/place/Disini+Kopi+Makassar/data=!4m7!3m6!1s0x2dbee3b06f723f1f:0x60c508c35467b507!8m2!3d-5.159082!4d119.4203243!16s%2Fg%2F11j_y__d9v!19sChIJHz9yb7Djvi0RB7VnVMMIxWA?authuser=0&hl=en&rclk=1,Disini Kopi Makassar,4.6,-17,Coffee shop
https://www.google.com/maps/place/Berdua+Kopi/data=!4m7!3m6!1s0x2dbee394f854a3ef:0xcfea5f89f2524487!8m2!3d-5.1605231!4d119.4199617!16s%2Fg%2F11glycbgnh!19sChIJ76NU-JTjvi0Rh0RS8olf6s8?authuser=0&hl=en&rclk=1,Berdua Kopi,4.6,-41,Coffee shop
https://www.google.com/maps/place/Kedai+Kopi+Karyo/data=!4m7!3m6!1s0x2dbee3002afb775d:0x831948362b990a37!8m2!3d-5.158295!4d119.4182444!16s%2Fg%2F11n3n3nf_r!19sChIJXXf7KgDjvi0RNwqZKzZIGYM?authuser=0&hl=en&rclk=1,Kedai Kopi Karyo,5,-9,Coffee shop
https://www.google.com/maps/place/SUDUT+KOPI/data=!4m7!3m6!1s0x2dbee300591b41f9:0xbf6f5533a67086d6!8m2!3d-5.1537039!4d119.4183752!16s%2Fg%2F11w210xj9d!19sChIJ-UEbWQDjvi0R1oZwpjNVb78?authuser=0&hl=en&rclk=1,SUDUT KOPI,5,-1,Coffee shop
https://www.google.com/maps/place/Kedai+Kopi+Lakuna/data=!4m7!3m6!1s0x2dbee30b46372d9f:0x378047fc2f21a407!8m2!3d-5.1614595!4d119.4209386!16s%2Fg%2F11kqwj0kjw!19sChIJny03Rgvjvi0RB6QhL_xHgDc?authuser=0&hl=en&rclk=1,Kedai Kopi Lakuna,5,-3,Coffee shop
https://www.google.com/maps/place/Kopi+Kenangan+-+Ruko+Rapoccini/data=!4m7!3m6!1s0x2dbee33717cc50cd:0x829a84db47f398c8!8m2!3d-5.1539531!4d119.4275954!16s%2Fg%2F11yn9wj5pt!19sChIJzVDMFzfjvi0RyJjzR9uEmoI?authuser=0&hl=en&rclk=1,Kopi Kenangan - Ruko Rapoccini,4.8,-32,Coffee shop
https://www.google.com/maps/place/KOPI+JAIM/data=!4m7!3m6!1s0x2dbee3bbf6f74303:0x1ec177a1daa51497!8m2!3d-5.1560204!4d119.4216924!16s%2Fg%2F11x1lq7_dn!19sChIJA0P39rvjvi0RlxSl2qF3wR4?authuser=0&hl=en&rclk=1,KOPI JAIM,5,-1,Coffee store
https://www.google.com/maps/place/Seruput+Rempah/data=!4m7!3m6!1s0x2dbee30062c3ec61:0x6d0a6548ed0dcbc9!8m2!3d-5.1601683!4d119.4192762!16s%2Fg%2F11xfnxs48q!19sChIJYezDYgDjvi0RycsN7UhlCm0?authuser=0&hl=en&rclk=1,Seruput Rempah,4.7,-174,Coffee shop
https://www.google.com/maps/place/Nolimit+Coffee+Tupai/data=!4m7!3m6!1s0x2dbee300d122658f:0xe314375b17d1a4d1!8m2!3d-5.1611446!4d119.4202559!16s%2Fg%2F11m6s8d779!19sChIJj2Ui0QDjvi0R0aTRF1s3FOM?authuser=0&hl=en&rclk=1,Nolimit Coffee Tupai,4.9,-15,Coffee shop
https://www.google.com/maps/place/Kopi+Karyo/data=!4m7!3m6!1s0x2dbee3000fe4f799:0xc969b8eda70ed9ec!8m2!3d-5.1593836!4d119.4185405!16s%2Fg%2F11lcdt22c6!19sChIJmffkDwDjvi0R7NkOp-24ack?authuser=0&hl=en&rclk=1,Kopi Karyo,5,-12,Coffee shop
https://www.google.com/maps/place/TOKO+KOPI+XAKA/data=!4m7!3m6!1s0x2dbf1dd933e35f73:0x24df1bc9ac9bf993!8m2!3d-5.1723772!4d119.4111771!16s%2Fg%2F11yfk07g7n!19sChIJc1_jM9kdvy0Rk_mbrMkb3yQ?authuser=0&hl=en&rclk=1,TOKO KOPI XAKA,5,-4,Coffee shop
https://www.google.com/maps/place/Chatime/data=!4m7!3m6!1s0x2dbf1d001e0b162f:0x54d9166564159b58!8m2!3d-5.1526071!4d119.4177533!16s%2Fg%2F11y3xfdyp1!19sChIJLxYLHgAdvy0RWJsVZGUW2VQ?authuser=0&hl=en&rclk=1,Chatime,4.9,-425,Coffee shop
https://www.google.com/maps/place/KOPITIAM+MAKASSAR+-+AMANAGAPPA/data=!4m7!3m6!1s0x2dbf035b24df0727:0x11f245952b4e703e!8m2!3d-5.1371378!4d119.4109717!16s%2Fg%2F11vjmlhfh3!19sChIJJwffJFsDvy0RPnBOK5VF8hE?authuser=0&hl=en&rclk=1,KOPITIAM MAKASSAR - AMANAGAPPA,4.7,-158,Indonesian
https://www.google.com/maps/place/Kopi+Wadjar/data=!4m7!3m6!1s0x2dbee3ce272682f1:0xb5c648cbe6607c7c!8m2!3d-5.1319308!4d119.4795658!16s%2Fg%2F11tg43kbv7!19sChIJ8YImJ87jvi0RfHxg5stIxrU?authuser=0&hl=en&rclk=1,Kopi Wadjar,4.7,-56,Coffee shop
https://www.google.com/maps/place/X6+Kedai+Kopi+Oma+Rica/data=!4m7!3m6!1s0x2dbee3a0e505f631:0x5cc538a13d10fe94!8m2!3d-5.1521473!4d119.4208845!16s%2Fg%2F11vwhnt81m!19sChIJMfYF5aDjvi0RlP4QPaE4xVw?authuser=0&hl=en&rclk=1,X6 Kedai Kopi Oma Rica,4.9,-32,Manado restaurant
https://www.google.com/maps/place/Toffin+Makassar/data=!4m7!3m6!1s0x2dbee29e0e07fa23:0x217f9ca5a6398460!8m2!3d-5.1649752!4d119.4190191!16s%2Fg%2F11fzf6lflk!19sChIJI_oHDp7ivi0RYIQ5pqWcfyE?authuser=0&hl=en&rclk=1,Toffin Makassar,4.4,-44,Coffee machine supplier
https://www.google.com/maps/place/Suhu+Kopi+Makassar/data=!4m7!3m6!1s0x2dbee39c2b268509:0x8aa2cc4bd6475465!8m2!3d-5.1435721!4d119.4213723!16s%2Fg%2F11rm_vnz4h!19sChIJCYUmK5zjvi0RZVRH1kvMooo?authuser=0&hl=en&rclk=1,Suhu Kopi Makassar,4.6,-26,Coffee shop
https://www.google.com/maps/place/Tempat+Baru+Kedai+Kopi/data=!4m7!3m6!1s0x2dbf1d5e1d10ef0d:0x2e5a555ac81808d0!8m2!3d-5.1754572!4d119.4171944!16s%2Fg%2F11pdjgj302!19sChIJDe8QHV4dvy0R0AgYyFpVWi4?authuser=0&hl=en&rclk=1,Tempat Baru Kedai Kopi,4.7,-31,Coffee shop
https://www.google.com/maps/place/kopistory/data=!4m7!3m6!1s0x2dbee313a1ba8eb9:0x74e48a174b71bc20!8m2!3d-5.1627622!4d119.4217271!16s%2Fg%2F11w2dbptl5!19sChIJuY66oRPjvi0RILxxSxeK5HQ?authuser=0&hl=en&rclk=1,kopistory,5,-1,Coffee shop
https://www.google.com/maps/place/OSKY+Coffee+%26+Co.+Makassar/data=!4m7!3m6!1s0x2dbee313d8c5e957:0x3227d7cbe0271bfb!8m2!3d-5.1627681!4d119.4216!16s%2Fg%2F11mv_226vg!19sChIJV-nF2BPjvi0R-xsn4MvXJzI?authuser=0&hl=en&rclk=1,OSKY Coffee & Co. Makassar,5,-1,Cafe
https://www.google.com/maps/place/MyCoffee/data=!4m7!3m6!1s0x2dbf02b1ee49f125:0xf07d008df6460a46!8m2!3d-5.1363961!4d119.4075414!16s%2Fg%2F11cn7ssqq0!19sChIJJfFJ7rECvy0RRgpG9o0AffA?authuser=0&hl=en&rclk=1,MyCoffee,4.7,-646,Coffee shop
https://www.google.com/maps/place/Kedai+Kita/data=!4m7!3m6!1s0x2dbee29fbcecb41f:0x1a44666b872766af!8m2!3d-5.1623345!4d119.4200603!16s%2Fg%2F11b76mh3rd!19sChIJH7TsvJ_ivi0Rr2Ynh2tmRBo?authuser=0&hl=en&rclk=1,Kedai Kita,4.4,-441,Coffee shop
https://www.google.com/maps/place/KOPITIAM+MAKASSAR+-+HERTASNING/data=!4m7!3m6!1s0x2dbee3353a5c5e87:0xff0b0a7c6ffa3ef6!8m2!3d-5.162352!4d119.4433301!16s%2Fg%2F11tjmlckj0!19sChIJh15cOjXjvi0R9j76b3wKC_8?authuser=0&hl=en&rclk=1,KOPITIAM MAKASSAR - HERTASNING,4.6,-904,Cafe
https://www.google.com/maps/place/Starbucks/data=!4m7!3m6!1s0x2dbf1d586f32ba6b:0xa4d0e8316b06cf41!8m2!3d-5.1537557!4d119.416714!16s%2Fg%2F11bc7qkj1k!19sChIJa7oyb1gdvy0RQc8GazHo0KQ?authuser=0&hl=en&rclk=1,Starbucks,4.5,-819,Coffee shop
https://www.google.com/maps/place/Microlab+coffee/data=!4m7!3m6!1s0x2dbee3c60f011085:0xf3201190f130450f!8m2!3d-5.1580112!4d119.4198227!16s%2Fg%2F11vqsk43cw!19sChIJhRABD8bjvi0RD0Uw8ZARIPM?authuser=0&hl=en&rclk=1,Microlab coffee,5,-25,Coffee shop
https://www.google.com/maps/place/Kopi+Titik+Senja+Cendrawasih/data=!4m7!3m6!1s0x2dbf1d847aed4983:0x7c499a27b8b199a1!8m2!3d-5.1676078!4d119.4115235!16s%2Fg%2F11sbsc9jqv!19sChIJg0nteoQdvy0RoZmxuCeaSXw?authuser=0&hl=en&rclk=1,Kopi Titik Senja Cendrawasih,,,Coffee shop
https://www.google.com/maps/place/Kopi+Sore/data=!4m7!3m6!1s0x2dbf1d0aef8e7a25:0x16db563c81697e2b!8m2!3d-5.2148481!4d119.3934038!16s%2Fg%2F11ykspkcyk!19sChIJJXqO7wodvy0RK35pgTxW2xY?authuser=0&hl=en&rclk=1,Kopi Sore,5,-12,Cafe
https://www.google.com/maps/place/Excelso/data=!4m7!3m6!1s0x2dbf1d587267b04b:0xe203a5b834acf417!8m2!3d-5.1531734!4d119.4173528!16s%2Fg%2F11h0zngxh!19sChIJS7Bnclgdvy0RF_SsNLilA-I?authuser=0&hl=en&rclk=1,Excelso,4.5,-43,Coffee shop
https://www.google.com/maps/place/Makop+Indonesia/data=!4m7!3m6!1s0x2dbee300257d71b5:0xacb011cb48fcb475!8m2!3d-5.1613291!4d119.4209568!16s%2Fg%2F11y3zw52c6!19sChIJtXF9JQDjvi0RdbT8SMsRsKw?authuser=0&hl=en&rclk=1,Makop Indonesia,5,-3,Coffee shop
https://www.google.com/maps/place/Daily+Coffee+2.0/data=!4m7!3m6!1s0x2dbee33427dbd3f3:0x2ead7f1c62f61ba0!8m2!3d-5.1620175!4d119.4185837!16s%2Fg%2F11shq5hn5y!19sChIJ89PbJzTjvi0RoBv2Yhx_rS4?authuser=0&hl=en&rclk=1,Daily Coffee 2.0,5,-6,Coffee shop
https://www.google.com/maps/place/Kopi+SOS/data=!4m7!3m6!1s0x2dbee3402265d16b:0x1070b2a608e826f1!8m2!3d-5.1563223!4d119.4201416!16s%2Fg%2F11tjp1cj5y!19sChIJa9FlIkDjvi0R8SboCKaycBA?authuser=0&hl=en&rclk=1,Kopi SOS,5,-4,Coffee shop
https://www.google.com/maps/place/Kopi+Punggawa/data=!4m7!3m6!1s0x2dbefd5b64012337:0x130d3152b4234c87!8m2!3d-5.1285499!4d119.4276786!16s%2Fg%2F11c7ss7cwv!19sChIJNyMBZFv9vi0Rh0wjtFIxDRM?authuser=0&hl=en&rclk=1,Kopi Punggawa,4.8,-32,Coffee shop
https://www.google.com/maps/place/KOHI+Coffee/data=!4m7!3m6!1s0x2dbee32c30cbca51:0xbf6c9faaf4197073!8m2!3d-5.159238!4d119.4186082!16s%2Fg%2F11g0scn2sf!19sChIJUcrLMCzjvi0Rc3AZ9KqfbL8?authuser=0&hl=en&rclk=1,KOHI Coffee,5,-6,Cafe
https://www.google.com/maps/place/Coffee+Toffee/data=!4m7!3m6!1s0x2dbf1d579595316b:0xe5007036a7f72214!8m2!3d-5.15318!4d119.4173729!16s%2Fg%2F1pzsyx0vb!19sChIJazGVlVcdvy0RFCL3pzZwAOU?authuser=0&hl=en&rclk=1,Coffee Toffee,4.2,-17,Coffee shop
https://www.google.com/maps/place/March+Coffee/data=!4m7!3m6!1s0x2dbee33df7795783:0xd6783cc0aa7e295c!8m2!3d-5.160463!4d119.4193739!16s%2Fg%2F11svptsqm0!19sChIJg1d59z3jvi0RXCl-qsA8eNY?authuser=0&hl=en&rclk=1,March Coffee,4.6,-21,Coffee shop
https://www.google.com/maps/place/Teras+Kopi/data=!4m7!3m6!1s0x2dbee32f447f8435:0x6f1d4bf1f063f5ef!8m2!3d-5.1633134!4d119.417987!16s%2Fg%2F11h1k95pm1!19sChIJNYR_RC_jvi0R7_Vj8PFLHW8?authuser=0&hl=en&rclk=1,Teras Kopi,5,-1,Coffee shop
https://www.google.com/maps/place/ADNAN+COFFEE/data=!4m7!3m6!1s0x2dbf1d0045001f2b:0xa2d1697ae4527166!8m2!3d-5.1565018!4d119.417522!16s%2Fg%2F11y8m_rzmc!19sChIJKx8ARQAdvy0RZnFS5Hpp0aI?authuser=0&hl=en&rclk=1,ADNAN COFFEE,5,-1,Coffee shop
https://www.google.com/maps/place/Warkop+Dottoro+75/data=!4m7!3m6!1s0x2dbee29f61e170b7:0x65b294a715f1b3ab!8m2!3d-5.1607465!4d119.4219545!16s%2Fg%2F11clsgbz7c!19sChIJt3DhYZ_ivi0Rq7PxFaeUsmU?authuser=0&hl=en&rclk=1,Warkop Dottoro 75,4.5,-99,Coffee shop
https://www.google.com/maps/place/Takkala+Kopi/data=!4m7!3m6!1s0x2dbf1d387fbe3f2b:0xe7beaa901b517144!8m2!3d-5.155336!4d119.4164442!16s%2Fg%2F11lv5zh32q!19sChIJKz--fzgdvy0RRHFRG5Cqvuc?authuser=0&hl=en&rclk=1,Takkala Kopi,5,-1,Coffee shop
https://www.google.com/maps/place/Debar+Kopi/data=!4m7!3m6!1s0x2dbee346e8b5ad17:0x46cb662a38701e45!8m2!3d-5.1659349!4d119.4194826!16s%2Fg%2F11vjtfhsy8!19sChIJF6216Ebjvi0RRR5wOCpmy0Y?authuser=0&hl=en&rclk=1,Debar Kopi,5,-5,Coffee shop
https://www.google.com/maps/place/KML+Coffee/data=!4m7!3m6!1s0x2dbee338899ca047:0xc4d1d2da189b8328!8m2!3d-5.1585565!4d119.4187427!16s%2Fg%2F11stwp17p6!19sChIJR6CciTjjvi0RKIObGNrS0cQ?authuser=0&hl=en&rclk=1,KML Coffee,5,-4,Coffee shop
https://www.google.com/maps/place/Warung+kopi+dan+makan+77/data=!4m7!3m6!1s0x2dbee39e27538929:0x285446cad8809002!8m2!3d-5.1549263!4d119.418498!16s%2Fg%2F11kj30m_ws!19sChIJKYlTJ57jvi0RApCA2MpGVCg?authuser=0&hl=en&rclk=1,Warung kopi dan makan 77,4.8,-5,Coffee shop
https://www.google.com/maps/place/KEDAI+BUJANG/data=!4m7!3m6!1s0x2dbee334cae56457:0x6d9ed271bf03195a!8m2!3d-5.1398114!4d119.4878113!16s%2Fg%2F11gh732_m2!19sChIJV2TlyjTjvi0RWhkDv3HSnm0?authuser=0&hl=en&rclk=1,KEDAI BUJANG,4.6,-662,Cafe
https://www.google.com/maps/place/merchant+gara+gara+coffee/data=!4m7!3m6!1s0x2dbf1d3d94a03087:0x978e6f0990a46f82!8m2!3d-5.155136!4d119.416647!16s%2Fg%2F11kt1yrn75!19sChIJhzCglD0dvy0Rgm-kkAlvjpc?authuser=0&hl=en&rclk=1,merchant gara gara coffee,,,Espresso bar
https://www.google.com/maps/place/Warkop+Daeng+Uki/data=!4m7!3m6!1s0x2dbee3874c3b472b:0x8bb0d4160c5dc710!8m2!3d-5.1598433!4d119.4192908!16s%2Fg%2F11ls60yq9w!19sChIJK0c7TIfjvi0REMddDBbUsIs?authuser=0&hl=en&rclk=1,Warkop Daeng Uki,4.8,-82,Coffee shop
https://www.google.com/maps/place/Ara+Kopi/data=!4m7!3m6!1s0x2dbee3cc6f6252b5:0x8d2ccec8347dc480!8m2!3d-5.1465759!4d119.4244527!16s%2Fg%2F11jb7dnp5f!19sChIJtVJib8zjvi0RgMR9NMjOLI0?authuser=0&hl=en&rclk=1,Ara Kopi,4.8,-19,Cafe
https://www.google.com/maps/place/Kedai+Kopi+%23CoffeeLounge/data=!4m7!3m6!1s0x2dbf1d58c1ed6651:0x93d6132d012714e!8m2!3d-5.1552352!4d119.4161105!16s%2Fg%2F11bw4752xc!19sChIJUWbtwVgdvy0RTnES0DJhPQk?authuser=0&hl=en&rclk=1,Kedai Kopi #CoffeeLounge,3.6,-5,Coffee shop
https://www.google.com/maps/place/Kedai+Koplo/data=!4m7!3m6!1s0x2dbee3ec2f36fda3:0xca322334377b5813!8m2!3d-5.1522447!4d119.4205083!16s%2Fg%2F11t25lz0g2!19sChIJo_02L-zjvi0RE1h7NzQjMso?authuser=0&hl=en&rclk=1,Kedai Koplo,4.7,-60,Coffee shop
https://www.google.com/maps/place/Kopi+Kuno/data=!4m7!3m6!1s0x2dbee3ac3c68f5df:0x49a201f53c4028ec!8m2!3d-5.1618538!4d119.4199741!16s%2Fg%2F11jjqm1sx2!19sChIJ3_VoPKzjvi0R7ChAPPUBokk?authuser=0&hl=en&rclk=1,Kopi Kuno,4.9,-12,Restaurant
https://www.google.com/maps/place/left./data=!4m7!3m6!1s0x2dbee39ed0a2435f:0x2d462e659f8b16ae!8m2!3d-5.1634635!4d119.4203304!16s%2Fg%2F11ygjl2t1r!19sChIJX0Oi0J7jvi0RrhaLn2UuRi0?authuser=0&hl=en&rclk=1,left.,5,-3,Coffee shop
https://www.google.com/maps/place/Kopi+Kita+Serigala/data=!4m7!3m6!1s0x2dbee30000eae285:0xfe1dea90d00e568a!8m2!3d-5.1610656!4d119.4210544!16s%2Fg%2F11w3sz7zwp!19sChIJheLqAADjvi0RilYO0JDqHf4?authuser=0&hl=en&rclk=1,Kopi Kita Serigala,5,-1,Coffee shop
https://www.google.com/maps/place/Moko+Kopi/data=!4m7!3m6!1s0x2dbee3002e3ab339:0x1e68538b87c985e8!8m2!3d-5.1595015!4d119.4185437!16s%2Fg%2F11ld3lskv8!19sChIJObM6LgDjvi0R6IXJh4tTaB4?authuser=0&hl=en&rclk=1,Moko Kopi,5,-2,Coffee shop
https://www.google.com/maps/place/Literasi+Kopi/data=!4m7!3m6!1s0x2dbee356c2cfc9bb:0x765e059c34d51f9d!8m2!3d-5.1847617!4d119.43444!16s%2Fg%2F11rxmr3snq!19sChIJu8nPwlbjvi0RnR_VNJwFXnY?authuser=0&hl=en&rclk=1,Literasi Kopi,5,-2,Coffee shop
https://www.google.com/maps/place/Warkop+83S/data=!4m7!3m6!1s0x2dbee3b0840528df:0xfa51400024ea0f2f!8m2!3d-5.1646281!4d119.4206025!16s%2Fg%2F11s841_cn2!19sChIJ3ygFhLDjvi0RLw_qJABAUfo?authuser=0&hl=en&rclk=1,Warkop 83S,5,-14,Coffee shop
https://www.google.com/maps/place/warkop+pojok+t11/data=!4m7!3m6!1s0x2dbee3f1a4c9541f:0x2eb6ca53eb1fe34!8m2!3d-5.1572834!4d119.4210319!16s%2Fg%2F11gsn2_02g!19sChIJH1TJpPHjvi0RNP6xPqVs6wI?authuser=0&hl=en&rclk=1,warkop pojok t11,4.5,-73,Cafe
https://www.google.com/maps/place/Anekapisangdaeng+Cab.Beruang/data=!4m7!3m6!1s0x2dbee3363fb4fc0f:0x72c1e42b8bed8054!8m2!3d-5.1568605!4d119.4199836!16s%2Fg%2F11tbk7p2c7!19sChIJD_y0Pzbjvi0RVIDtiyvkwXI?authuser=0&hl=en&rclk=1,Anekapisangdaeng Cab.Beruang,5,-3,Coffee shop
https://www.google.com/maps/place/Warkop+383/data=!4m7!3m6!1s0x2dbee3333b7009dd:0x87fbf6fd05bd5912!8m2!3d-5.1650929!4d119.4208479!16s%2Fg%2F11lkjdvtrp!19sChIJ3QlwOzPjvi0RElm9Bf32-4c?authuser=0&hl=en&rclk=1,Warkop 383,4.9,-30,Coffee shop
https://www.google.com/maps/place/cushy+prime/data=!4m7!3m6!1s0x2dbee3aac2e43a19:0x17f22e2a16734db4!8m2!3d-5.1585223!4d119.4184332!16s%2Fg%2F11q418jq22!19sChIJGTrkwqrjvi0RtE1zFiou8hc?authuser=0&hl=en&rclk=1,cushy prime,4.6,-173,Cafe
https://www.google.com/maps/place/Sudut+Kopi+Bang+Amran/data=!4m7!3m6!1s0x2dbee39f087fd8b1:0x14bf8cf0168c9787!8m2!3d-5.1521741!4d119.4226772!16s%2Fg%2F11sv1th7_q!19sChIJsdh_CJ_jvi0Rh5eMFvCMvxQ?authuser=0&hl=en&rclk=1,Sudut Kopi Bang Amran,5,-4,Coffee shop
https://www.google.com/maps/place/Delicate+Society/data=!4m7!3m6!1s0x2dbee31243a2244f:0xf7c8bf83ae35e055!8m2!3d-5.1604722!4d119.4209978!16s%2Fg%2F11fjy4dgq_!19sChIJTySiQxLjvi0RVeA1roO_yPc?authuser=0&hl=en&rclk=1,Delicate Society,4.5,-560,Cafe
https://www.google.com/maps/place/PONDOK+IDAMAN9/data=!4m7!3m6!1s0x2dbee3745eded5f3:0x208a2adac6b4c663!8m2!3d-5.156323!4d119.4201448!16s%2Fg%2F11sbgvy2gj!19sChIJ89XeXnTjvi0RY8a0xtoqiiA?authuser=0&hl=en&rclk=1,PONDOK IDAMAN9,5,-8,Coffee shop
https://www.google.com/maps/place/kopikir+saya+nda+capek/data=!4m7!3m6!1s0x2dbf1d2dca72d263:0x53a6131e2d514468!8m2!3d-5.1668904!4d119.412366!16s%2Fg%2F11y48xs618!19sChIJY9Jyyi0dvy0RaERRLR4TplM?authuser=0&hl=en&rclk=1,kopikir saya nda capek,,,Coffee shop
https://www.google.com/maps/place/Warkop+Serigala/data=!4m7!3m6!1s0x2dbee2a1d3a13e31:0xf82b202e12351df7!8m2!3d-5.1603797!4d119.4210174!16s%2Fg%2F11bc7rsdzy!19sChIJMT6h06Hivi0R9x01Ei4gK_g?authuser=0&hl=en&rclk=1,Warkop Serigala,4.4,-31,Coffee shop
